{
  "total_tested": 10142724,
  "elapsed": 480.2358136177063,
  "best_qg": -6.137077670212766,
  "best_cribs": 8,
  "crib_hits": [],
  "interesting": []
}