{
  "total_tested": 2104,
  "elapsed": 0.15274786949157715,
  "best_qg": -6.54869940425532,
  "best_cribs": 5,
  "crib_hits": [],
  "interesting": []
}