{
  "total_tested": 2612019,
  "elapsed_seconds": 181.87912797927856,
  "best_qg": -6.390448882978721,
  "best_crib_count": 8,
  "crib_hits": [],
  "top_results": []
}