{
  "total_tested": 157432,
  "elapsed": 9.775679588317871,
  "best_qg": -6.4401267872340435,
  "best_cribs_canon": 7,
  "crib_hits": [],
  "interesting": []
}