{
  "total": 113386,
  "elapsed": 6.107348442077637,
  "best_qg": -6.3796412978723405,
  "best_cribs": 8,
  "crib_hits": [],
  "interesting": []
}