{
  "experiment": "ANT-001",
  "hypothesis": "Antipodes as independent cipher",
  "phase1_deltas": 1,
  "phase2_conclusion": "different_keys",
  "phase3_stats": {
    "K3_CT": {
      "length": 336,
      "ic": 0.06615,
      "chi_squared": 16.6,
      "friedman_period": 1.0,
      "kasiski_top_periods": [
        2,
        3,
        17,
        29,
        9
      ],
      "kasiski_n_spacings": 19,
      "ic_scan_best": [
        [
          20,
          0.0762
        ],
        [
          22,
          0.07511
        ],
        [
          13,
          0.07205
        ],
        [
          11,
          0.07151
        ],
        [
          10,
          0.07123
        ]
      ]
    },
    "K4_CT": {
      "length": 97,
      "ic": 0.03608,
      "chi_squared": 571.0,
      "friedman_period": null,
      "ic_scan_best": [
        [
          11,
          0.04401
        ],
        [
          10,
          0.04333
        ],
        [
          7,
          0.04186
        ],
        [
          5,
          0.03918
        ],
        [
          16,
          0.0375
        ]
      ]
    },
    "K1_CT": {
      "length": 63,
      "ic": 0.03789,
      "chi_squared": 692.0,
      "friedman_period": null,
      "ic_scan_best": [
        [
          10,
          0.09143
        ],
        [
          5,
          0.07902
        ],
        [
          13,
          0.07436
        ],
        [
          15,
          0.06222
        ],
        [
          2,
          0.03945
        ]
      ]
    },
    "K2_CT": {
      "length": 369,
      "ic": 0.04575,
      "chi_squared": 3394.7,
      "friedman_period": 3.8,
      "kasiski_top_periods": [
        2,
        4,
        8,
        3,
        6
      ],
      "kasiski_n_spacings": 24,
      "ic_scan_best": [
        [
          8,
          0.06905
        ],
        [
          24,
          0.06801
        ],
        [
          16,
          0.06629
        ],
        [
          20,
          0.06101
        ],
        [
          4,
          0.05613
        ]
      ]
    },
    "Stream_Alpha (K3+K4)": {
      "length": 433,
      "ic": 0.05455,
      "chi_squared": 133.7,
      "friedman_period": 1.8,
      "kasiski_top_periods": [
        2,
        3,
        4,
        5,
        6
      ],
      "kasiski_n_spacings": 23,
      "ic_scan_best": [
        [
          22,
          0.06015
        ],
        [
          20,
          0.05959
        ],
        [
          25,
          0.0584
        ],
        [
          15,
          0.05807
        ],
        [
          11,
          0.0577
        ]
      ]
    },
    "Stream_Beta (K1+K2)": {
      "length": 432,
      "ic": 0.04509,
      "chi_squared": 4016.4,
      "friedman_period": 4.2,
      "kasiski_top_periods": [
        2,
        4,
        8,
        5,
        10
      ],
      "kasiski_n_spacings": 33,
      "ic_scan_best": [
        [
          8,
          0.06158
        ],
        [
          24,
          0.06155
        ],
        [
          16,
          0.06019
        ],
        [
          20,
          0.05656
        ],
        [
          12,
          0.05291
        ]
      ]
    },
    "Merged_K3K4": {
      "length": 433,
      "ic": 0.05455,
      "chi_squared": 133.7,
      "friedman_period": 1.8,
      "kasiski_top_periods": [
        2,
        3,
        4,
        5,
        6
      ],
      "kasiski_n_spacings": 23,
      "ic_scan_best": [
        [
          22,
          0.06015
        ],
        [
          20,
          0.05959
        ],
        [
          25,
          0.0584
        ],
        [
          15,
          0.05807
        ],
        [
          11,
          0.0577
        ]
      ]
    }
  },
  "phase4_merged_ic": 0.05455,
  "phase4_cross_boundary": "inconclusive",
  "phase5_analysis": "spelling_correction",
  "elapsed_s": 0.1,
  "timestamp": "2026-02-26T14:40:50"
}