{
  "ciphertext_length": 97,
  "letter_frequency": {
    "A": 0.041237113402061855,
    "B": 0.05154639175257732,
    "C": 0.020618556701030927,
    "D": 0.030927835051546393,
    "E": 0.020618556701030927,
    "F": 0.041237113402061855,
    "G": 0.041237113402061855,
    "H": 0.020618556701030927,
    "I": 0.041237113402061855,
    "J": 0.030927835051546393,
    "K": 0.08247422680412371,
    "L": 0.041237113402061855,
    "M": 0.010309278350515464,
    "N": 0.030927835051546393,
    "O": 0.05154639175257732,
    "P": 0.030927835051546393,
    "Q": 0.041237113402061855,
    "R": 0.041237113402061855,
    "S": 0.061855670103092786,
    "T": 0.061855670103092786,
    "U": 0.061855670103092786,
    "V": 0.020618556701030927,
    "W": 0.05154639175257732,
    "X": 0.020618556701030927,
    "Y": 0.010309278350515464,
    "Z": 0.041237113402061855
  },
  "index_of_coincidence": 0.036082,
  "digraph_ic": 0.002193,
  "shannon_entropy": 4.5548,
  "chi_squared_vs_uniform": 19.06,
  "chi_squared_vs_english": 480.58,
  "autocorrelation": {
    "1": 0.0625,
    "2": 0.042105,
    "3": 0.042553,
    "4": 0.053763,
    "5": 0.032609,
    "6": 0.032967,
    "7": 0.1,
    "8": 0.022472,
    "9": 0.034091,
    "10": 0.057471,
    "11": 0.046512,
    "12": 0.047059,
    "13": 0.047619,
    "14": 0.024096,
    "15": 0.02439,
    "16": 0.049383,
    "17": 0.025,
    "18": 0.025316,
    "19": 0.012821,
    "20": 0.051948,
    "21": 0.039474,
    "22": 0.026667,
    "23": 0.013514,
    "24": 0.013699,
    "25": 0.041667,
    "26": 0.028169,
    "27": 0.014286,
    "28": 0.057971,
    "29": 0.044118,
    "30": 0.059701,
    "31": 0.060606,
    "32": 0.046154,
    "33": 0.046875,
    "34": 0.047619,
    "35": 0.016129,
    "36": 0.0,
    "37": 0.016667,
    "38": 0.084746,
    "39": 0.0,
    "40": 0.035088,
    "41": 0.071429,
    "42": 0.054545,
    "43": 0.074074,
    "44": 0.056604,
    "45": 0.057692,
    "46": 0.039216,
    "47": 0.0,
    "48": 0.040816,
    "49": 0.0,
    "50": 0.085106
  },
  "autocorrelation_peaks": [
    7,
    50,
    38,
    43,
    41
  ],
  "conclusions": [
    "IoC (~0.0361) near random \u2014 consistent with long polyalphabetic key or complex cipher",
    "Autocorrelation peaks at periods: [7, 50, 38, 43, 41] \u2014 possible key lengths"
  ],
  "reference": {
    "english_ic": 0.0667,
    "random_ic": 0.0385,
    "english_entropy": 4.19,
    "random_entropy": 4.7
  }
}