==========================================================================================
CRYPTIANA VATICAN MATRIX: CUDA Deep Space (KryptosBot Strict Scoring)
==========================================================================================

Generating periodic keys...
Targeting 475,254 periodic keys per alphabet.

Igniting GPU Sweep...
TOTAL PROCESSED      | SPEED                | BATCH TIME   | HITS FOUND
----------------------------------------------------------------------
2.00 Billion         | 415 M/sec            |  4.81s       |     0 hits
3.99 Billion         | 422 M/sec            |  4.73s       |     0 hits
5.99 Billion         | 422 M/sec            |  4.73s       |     0 hits
7.98 Billion         | 411 M/sec            |  4.86s       |     0 hits
9.98 Billion         | 417 M/sec            |  4.79s       |     0 hits
11.98 Billion        | 416 M/sec            |  4.80s       |     0 hits
13.97 Billion        | 416 M/sec            |  4.80s       |     0 hits
15.97 Billion        | 415 M/sec            |  4.81s       |     0 hits
17.96 Billion        | 419 M/sec            |  4.76s       |     0 hits
19.96 Billion        | 423 M/sec            |  4.71s       |     0 hits
21.96 Billion        | 423 M/sec            |  4.72s       |     0 hits
23.95 Billion        | 423 M/sec            |  4.72s       |     0 hits
25.95 Billion        | 423 M/sec            |  4.72s       |     0 hits
27.94 Billion        | 423 M/sec            |  4.72s       |     0 hits
29.94 Billion        | 421 M/sec            |  4.74s       |     0 hits
31.94 Billion        | 420 M/sec            |  4.76s       |     0 hits
33.93 Billion        | 422 M/sec            |  4.73s       |     0 hits
35.93 Billion        | 422 M/sec            |  4.73s       |     0 hits
37.93 Billion        | 419 M/sec            |  4.76s       |     0 hits
39.92 Billion        | 422 M/sec            |  4.73s       |     0 hits
41.92 Billion        | 420 M/sec            |  4.75s       |     0 hits
43.91 Billion        | 416 M/sec            |  4.80s       |     0 hits
45.91 Billion        | 418 M/sec            |  4.77s       |     0 hits
47.91 Billion        | 420 M/sec            |  4.76s       |     0 hits
49.90 Billion        | 418 M/sec            |  4.77s       |     0 hits
51.90 Billion        | 421 M/sec            |  4.75s       |     0 hits
53.89 Billion        | 415 M/sec            |  4.81s       |     0 hits
55.89 Billion        | 415 M/sec            |  4.81s       |     0 hits
57.89 Billion        | 419 M/sec            |  4.76s       |     0 hits
59.88 Billion        | 418 M/sec            |  4.78s       |     0 hits
61.88 Billion        | 418 M/sec            |  4.77s       |     0 hits
63.87 Billion        | 414 M/sec            |  4.82s       |     0 hits
65.87 Billion        | 422 M/sec            |  4.73s       |     0 hits
67.87 Billion        | 416 M/sec            |  4.79s       |     0 hits
69.86 Billion        | 414 M/sec            |  4.82s       |     0 hits
71.86 Billion        | 418 M/sec            |  4.78s       |     0 hits
73.85 Billion        | 421 M/sec            |  4.74s       |     0 hits
75.85 Billion        | 422 M/sec            |  4.73s       |     0 hits
77.85 Billion        | 422 M/sec            |  4.73s       |     0 hits
79.84 Billion        | 419 M/sec            |  4.77s       |     0 hits
81.84 Billion        | 421 M/sec            |  4.75s       |     0 hits
83.83 Billion        | 417 M/sec            |  4.78s       |     0 hits
85.83 Billion        | 418 M/sec            |  4.77s       |     0 hits
87.83 Billion        | 420 M/sec            |  4.75s       |     0 hits
89.82 Billion        | 419 M/sec            |  4.76s       |     0 hits
91.82 Billion        | 421 M/sec            |  4.74s       |     0 hits
93.82 Billion        | 422 M/sec            |  4.74s       |     0 hits
95.81 Billion        | 420 M/sec            |  4.75s       |     0 hits
97.81 Billion        | 422 M/sec            |  4.73s       |     0 hits
99.80 Billion        | 421 M/sec            |  4.74s       |     0 hits
101.80 Billion       | 422 M/sec            |  4.73s       |     0 hits
103.80 Billion       | 421 M/sec            |  4.74s       |     0 hits
105.79 Billion       | 422 M/sec            |  4.73s       |     0 hits
107.79 Billion       | 421 M/sec            |  4.74s       |     0 hits
109.78 Billion       | 422 M/sec            |  4.73s       |     0 hits
111.78 Billion       | 421 M/sec            |  4.74s       |     0 hits
113.78 Billion       | 421 M/sec            |  4.74s       |     0 hits
115.77 Billion       | 422 M/sec            |  4.74s       |     0 hits
117.77 Billion       | 421 M/sec            |  4.74s       |     0 hits
119.76 Billion       | 421 M/sec            |  4.74s       |     0 hits
121.76 Billion       | 421 M/sec            |  4.74s       |     0 hits
123.76 Billion       | 421 M/sec            |  4.74s       |     0 hits
125.75 Billion       | 421 M/sec            |  4.74s       |     0 hits
127.75 Billion       | 421 M/sec            |  4.74s       |     0 hits
129.74 Billion       | 422 M/sec            |  4.74s       |     0 hits
131.74 Billion       | 421 M/sec            |  4.74s       |     0 hits
133.74 Billion       | 421 M/sec            |  4.74s       |     0 hits
135.73 Billion       | 421 M/sec            |  4.74s       |     0 hits
137.73 Billion       | 420 M/sec            |  4.75s       |     0 hits
139.72 Billion       | 420 M/sec            |  4.75s       |     0 hits
141.72 Billion       | 421 M/sec            |  4.74s       |     0 hits
143.72 Billion       | 421 M/sec            |  4.74s       |     0 hits
145.71 Billion       | 421 M/sec            |  4.74s       |     0 hits
147.71 Billion       | 422 M/sec            |  4.74s       |     0 hits
149.71 Billion       | 421 M/sec            |  4.74s       |     0 hits
151.70 Billion       | 420 M/sec            |  4.76s       |     0 hits
153.70 Billion       | 416 M/sec            |  4.80s       |     0 hits
155.69 Billion       | 421 M/sec            |  4.74s       |     0 hits
157.69 Billion       | 419 M/sec            |  4.77s       |     0 hits
159.69 Billion       | 419 M/sec            |  4.76s       |     0 hits
161.68 Billion       | 421 M/sec            |  4.74s       |     0 hits
163.68 Billion       | 419 M/sec            |  4.77s       |     0 hits
165.67 Billion       | 422 M/sec            |  4.73s       |     0 hits
167.67 Billion       | 421 M/sec            |  4.74s       |     0 hits
169.67 Billion       | 421 M/sec            |  4.74s       |     0 hits
171.66 Billion       | 410 M/sec            |  4.87s       |     0 hits
173.66 Billion       | 417 M/sec            |  4.79s       |     0 hits
175.65 Billion       | 419 M/sec            |  4.77s       |     0 hits
177.65 Billion       | 412 M/sec            |  4.85s       |     0 hits
179.65 Billion       | 420 M/sec            |  4.75s       |     0 hits
181.64 Billion       | 419 M/sec            |  4.76s       |     0 hits
183.64 Billion       | 421 M/sec            |  4.75s       |     0 hits
185.63 Billion       | 413 M/sec            |  4.83s       |     0 hits
187.63 Billion       | 415 M/sec            |  4.81s       |     0 hits
189.63 Billion       | 419 M/sec            |  4.77s       |     0 hits
191.62 Billion       | 418 M/sec            |  4.78s       |     0 hits
193.62 Billion       | 420 M/sec            |  4.75s       |     0 hits
195.61 Billion       | 414 M/sec            |  4.82s       |     0 hits
197.61 Billion       | 419 M/sec            |  4.76s       |     0 hits
199.61 Billion       | 416 M/sec            |  4.80s       |     0 hits
201.60 Billion       | 415 M/sec            |  4.80s       |     0 hits
203.60 Billion       | 420 M/sec            |  4.76s       |     0 hits
205.59 Billion       | 417 M/sec            |  4.78s       |     0 hits
207.59 Billion       | 421 M/sec            |  4.74s       |     0 hits
209.59 Billion       | 412 M/sec            |  4.85s       |     0 hits
211.58 Billion       | 415 M/sec            |  4.81s       |     0 hits
213.58 Billion       | 419 M/sec            |  4.76s       |     0 hits
215.58 Billion       | 415 M/sec            |  4.80s       |     0 hits
217.57 Billion       | 416 M/sec            |  4.80s       |     0 hits
219.57 Billion       | 404 M/sec            |  4.94s       |     0 hits
221.56 Billion       | 417 M/sec            |  4.78s       |     0 hits
223.56 Billion       | 416 M/sec            |  4.80s       |     0 hits
225.56 Billion       | 415 M/sec            |  4.81s       |     0 hits
227.55 Billion       | 419 M/sec            |  4.77s       |     0 hits
229.55 Billion       | 417 M/sec            |  4.79s       |     0 hits
231.54 Billion       | 416 M/sec            |  4.80s       |     0 hits
233.54 Billion       | 421 M/sec            |  4.74s       |     0 hits
235.54 Billion       | 421 M/sec            |  4.74s       |     0 hits
237.53 Billion       | 422 M/sec            |  4.73s       |     0 hits
239.53 Billion       | 422 M/sec            |  4.73s       |     0 hits
241.52 Billion       | 422 M/sec            |  4.73s       |     0 hits
243.52 Billion       | 421 M/sec            |  4.74s       |     0 hits
245.52 Billion       | 421 M/sec            |  4.74s       |     0 hits
247.51 Billion       | 421 M/sec            |  4.74s       |     0 hits
249.51 Billion       | 421 M/sec            |  4.74s       |     0 hits
251.50 Billion       | 421 M/sec            |  4.74s       |     0 hits
253.50 Billion       | 421 M/sec            |  4.74s       |     0 hits
255.50 Billion       | 421 M/sec            |  4.74s       |     0 hits
257.49 Billion       | 422 M/sec            |  4.73s       |     0 hits
259.49 Billion       | 422 M/sec            |  4.74s       |     0 hits
261.48 Billion       | 421 M/sec            |  4.74s       |     0 hits
263.48 Billion       | 421 M/sec            |  4.74s       |     0 hits
265.48 Billion       | 422 M/sec            |  4.73s       |     0 hits
267.47 Billion       | 421 M/sec            |  4.74s       |     0 hits
269.47 Billion       | 422 M/sec            |  4.73s       |     0 hits
271.47 Billion       | 421 M/sec            |  4.74s       |     0 hits
273.46 Billion       | 422 M/sec            |  4.73s       |     0 hits
275.46 Billion       | 421 M/sec            |  4.74s       |     0 hits
277.45 Billion       | 422 M/sec            |  4.73s       |     0 hits
279.45 Billion       | 421 M/sec            |  4.74s       |     0 hits
281.45 Billion       | 421 M/sec            |  4.74s       |     0 hits
283.44 Billion       | 421 M/sec            |  4.74s       |     0 hits
285.44 Billion       | 421 M/sec            |  4.74s       |     0 hits
287.43 Billion       | 422 M/sec            |  4.73s       |     0 hits
289.43 Billion       | 421 M/sec            |  4.74s       |     0 hits
291.43 Billion       | 421 M/sec            |  4.74s       |     0 hits
293.42 Billion       | 421 M/sec            |  4.74s       |     0 hits
295.42 Billion       | 421 M/sec            |  4.74s       |     0 hits
297.41 Billion       | 422 M/sec            |  4.73s       |     0 hits
299.41 Billion       | 421 M/sec            |  4.74s       |     0 hits
301.41 Billion       | 422 M/sec            |  4.73s       |     0 hits
303.40 Billion       | 422 M/sec            |  4.73s       |     0 hits
305.40 Billion       | 422 M/sec            |  4.73s       |     0 hits
307.39 Billion       | 421 M/sec            |  4.74s       |     0 hits
309.39 Billion       | 421 M/sec            |  4.74s       |     0 hits
311.39 Billion       | 422 M/sec            |  4.73s       |     0 hits
313.38 Billion       | 421 M/sec            |  4.74s       |     0 hits
315.38 Billion       | 422 M/sec            |  4.73s       |     0 hits
317.37 Billion       | 421 M/sec            |  4.74s       |     0 hits
319.37 Billion       | 422 M/sec            |  4.73s       |     0 hits
321.37 Billion       | 421 M/sec            |  4.74s       |     0 hits
323.36 Billion       | 421 M/sec            |  4.74s       |     0 hits
325.36 Billion       | 422 M/sec            |  4.73s       |     0 hits
327.35 Billion       | 421 M/sec            |  4.74s       |     0 hits
329.35 Billion       | 416 M/sec            |  4.80s       |     0 hits
331.35 Billion       | 421 M/sec            |  4.75s       |     0 hits
333.34 Billion       | 419 M/sec            |  4.77s       |     0 hits
335.34 Billion       | 422 M/sec            |  4.73s       |     0 hits
337.34 Billion       | 421 M/sec            |  4.74s       |     0 hits
339.33 Billion       | 421 M/sec            |  4.74s       |     0 hits
341.33 Billion       | 421 M/sec            |  4.74s       |     0 hits
343.32 Billion       | 422 M/sec            |  4.73s       |     0 hits
345.32 Billion       | 421 M/sec            |  4.74s       |     0 hits
347.32 Billion       | 421 M/sec            |  4.74s       |     0 hits
349.31 Billion       | 421 M/sec            |  4.74s       |     0 hits
351.31 Billion       | 422 M/sec            |  4.74s       |     0 hits
353.30 Billion       | 421 M/sec            |  4.74s       |     0 hits
355.30 Billion       | 421 M/sec            |  4.74s       |     0 hits
357.30 Billion       | 422 M/sec            |  4.73s       |     0 hits
359.29 Billion       | 421 M/sec            |  4.74s       |     0 hits
361.29 Billion       | 422 M/sec            |  4.73s       |     0 hits
363.28 Billion       | 421 M/sec            |  4.74s       |     0 hits
365.28 Billion       | 418 M/sec            |  4.78s       |     0 hits
367.28 Billion       | 412 M/sec            |  4.84s       |     0 hits
369.27 Billion       | 420 M/sec            |  4.75s       |     0 hits
371.27 Billion       | 409 M/sec            |  4.88s       |     0 hits
373.26 Billion       | 414 M/sec            |  4.82s       |     0 hits
375.26 Billion       | 421 M/sec            |  4.74s       |     0 hits
377.26 Billion       | 421 M/sec            |  4.74s       |     0 hits
379.25 Billion       | 421 M/sec            |  4.74s       |     0 hits
381.25 Billion       | 412 M/sec            |  4.85s       |     0 hits
383.24 Billion       | 412 M/sec            |  4.84s       |     0 hits
385.24 Billion       | 413 M/sec            |  4.84s       |     0 hits
387.24 Billion       | 419 M/sec            |  4.77s       |     0 hits
389.23 Billion       | 421 M/sec            |  4.74s       |     0 hits
391.23 Billion       | 421 M/sec            |  4.74s       |     0 hits
393.23 Billion       | 422 M/sec            |  4.73s       |     0 hits
395.22 Billion       | 421 M/sec            |  4.74s       |     0 hits
397.22 Billion       | 421 M/sec            |  4.74s       |     0 hits
399.21 Billion       | 420 M/sec            |  4.75s       |     0 hits
401.21 Billion       | 414 M/sec            |  4.82s       |     0 hits
403.21 Billion       | 417 M/sec            |  4.79s       |     0 hits
405.20 Billion       | 414 M/sec            |  4.82s       |     0 hits
407.20 Billion       | 416 M/sec            |  4.80s       |     0 hits
409.19 Billion       | 417 M/sec            |  4.78s       |     0 hits
411.19 Billion       | 421 M/sec            |  4.74s       |     0 hits
413.19 Billion       | 421 M/sec            |  4.74s       |     0 hits
415.18 Billion       | 421 M/sec            |  4.74s       |     0 hits
417.18 Billion       | 422 M/sec            |  4.74s       |     0 hits
419.17 Billion       | 421 M/sec            |  4.74s       |     0 hits
421.17 Billion       | 421 M/sec            |  4.74s       |     0 hits
423.17 Billion       | 422 M/sec            |  4.73s       |     0 hits
425.16 Billion       | 421 M/sec            |  4.74s       |     0 hits
427.16 Billion       | 422 M/sec            |  4.73s       |     0 hits
429.15 Billion       | 421 M/sec            |  4.74s       |     0 hits
431.15 Billion       | 422 M/sec            |  4.73s       |     0 hits
433.15 Billion       | 422 M/sec            |  4.73s       |     0 hits
435.14 Billion       | 422 M/sec            |  4.73s       |     0 hits
437.14 Billion       | 422 M/sec            |  4.73s       |     0 hits
439.13 Billion       | 422 M/sec            |  4.73s       |     0 hits
441.13 Billion       | 422 M/sec            |  4.73s       |     0 hits
443.13 Billion       | 422 M/sec            |  4.73s       |     0 hits
445.12 Billion       | 422 M/sec            |  4.73s       |     0 hits
447.12 Billion       | 422 M/sec            |  4.73s       |     0 hits
449.12 Billion       | 422 M/sec            |  4.73s       |     0 hits
451.11 Billion       | 422 M/sec            |  4.73s       |     0 hits
453.11 Billion       | 422 M/sec            |  4.73s       |     0 hits
455.10 Billion       | 422 M/sec            |  4.73s       |     0 hits
457.10 Billion       | 422 M/sec            |  4.73s       |     0 hits
459.10 Billion       | 422 M/sec            |  4.73s       |     0 hits
461.09 Billion       | 422 M/sec            |  4.73s       |     0 hits
463.09 Billion       | 423 M/sec            |  4.72s       |     0 hits
465.08 Billion       | 422 M/sec            |  4.73s       |     0 hits
467.08 Billion       | 422 M/sec            |  4.73s       |     0 hits
469.08 Billion       | 422 M/sec            |  4.73s       |     0 hits
471.07 Billion       | 422 M/sec            |  4.73s       |     0 hits
473.07 Billion       | 422 M/sec            |  4.73s       |     0 hits
475.06 Billion       | 422 M/sec            |  4.73s       |     0 hits
477.06 Billion       | 422 M/sec            |  4.73s       |     0 hits
479.06 Billion       | 422 M/sec            |  4.73s       |     0 hits
481.05 Billion       | 422 M/sec            |  4.73s       |     0 hits
483.05 Billion       | 423 M/sec            |  4.72s       |     0 hits
485.04 Billion       | 422 M/sec            |  4.73s       |     0 hits
487.04 Billion       | 422 M/sec            |  4.73s       |     0 hits
489.04 Billion       | 422 M/sec            |  4.73s       |     0 hits
491.03 Billion       | 422 M/sec            |  4.73s       |     0 hits
493.03 Billion       | 423 M/sec            |  4.72s       |     0 hits
495.02 Billion       | 422 M/sec            |  4.73s       |     0 hits
497.02 Billion       | 422 M/sec            |  4.73s       |     0 hits
499.02 Billion       | 422 M/sec            |  4.73s       |     0 hits
501.01 Billion       | 422 M/sec            |  4.73s       |     0 hits
503.01 Billion       | 422 M/sec            |  4.73s       |     0 hits
505.00 Billion       | 422 M/sec            |  4.73s       |     0 hits
507.00 Billion       | 422 M/sec            |  4.73s       |     0 hits
509.00 Billion       | 422 M/sec            |  4.73s       |     0 hits
510.99 Billion       | 422 M/sec            |  4.73s       |     0 hits
512.99 Billion       | 422 M/sec            |  4.73s       |     0 hits
514.99 Billion       | 416 M/sec            |  4.79s       |     0 hits
516.98 Billion       | 417 M/sec            |  4.78s       |     0 hits
518.98 Billion       | 414 M/sec            |  4.82s       |     0 hits
520.97 Billion       | 415 M/sec            |  4.81s       |     0 hits
522.97 Billion       | 421 M/sec            |  4.74s       |     0 hits
524.97 Billion       | 422 M/sec            |  4.73s       |     0 hits
526.96 Billion       | 421 M/sec            |  4.74s       |     0 hits
528.96 Billion       | 421 M/sec            |  4.75s       |     0 hits
530.95 Billion       | 421 M/sec            |  4.75s       |     0 hits
532.95 Billion       | 420 M/sec            |  4.75s       |     0 hits
534.95 Billion       | 420 M/sec            |  4.75s       |     0 hits
536.94 Billion       | 421 M/sec            |  4.75s       |     0 hits
538.94 Billion       | 418 M/sec            |  4.77s       |     0 hits
540.93 Billion       | 410 M/sec            |  4.87s       |     0 hits
542.93 Billion       | 412 M/sec            |  4.85s       |     0 hits
544.93 Billion       | 413 M/sec            |  4.83s       |     0 hits
546.92 Billion       | 414 M/sec            |  4.82s       |     0 hits
548.92 Billion       | 417 M/sec            |  4.78s       |     0 hits
550.91 Billion       | 421 M/sec            |  4.74s       |     0 hits
552.91 Billion       | 420 M/sec            |  4.75s       |     0 hits
554.91 Billion       | 419 M/sec            |  4.77s       |     0 hits
556.90 Billion       | 420 M/sec            |  4.76s       |     0 hits
558.90 Billion       | 417 M/sec            |  4.78s       |     0 hits
560.89 Billion       | 411 M/sec            |  4.86s       |     0 hits
562.89 Billion       | 422 M/sec            |  4.73s       |     0 hits
564.89 Billion       | 422 M/sec            |  4.73s       |     0 hits
566.88 Billion       | 423 M/sec            |  4.72s       |     0 hits
568.88 Billion       | 422 M/sec            |  4.73s       |     0 hits
570.88 Billion       | 422 M/sec            |  4.73s       |     0 hits
572.87 Billion       | 422 M/sec            |  4.73s       |     0 hits
574.87 Billion       | 423 M/sec            |  4.72s       |     0 hits
576.86 Billion       | 422 M/sec            |  4.73s       |     0 hits
578.86 Billion       | 422 M/sec            |  4.72s       |     0 hits
580.86 Billion       | 423 M/sec            |  4.72s       |     0 hits
582.85 Billion       | 422 M/sec            |  4.73s       |     0 hits
584.85 Billion       | 423 M/sec            |  4.72s       |     0 hits
586.84 Billion       | 422 M/sec            |  4.73s       |     0 hits
588.84 Billion       | 422 M/sec            |  4.73s       |     0 hits
590.84 Billion       | 422 M/sec            |  4.73s       |     0 hits
592.83 Billion       | 422 M/sec            |  4.73s       |     0 hits
594.83 Billion       | 422 M/sec            |  4.72s       |     0 hits
596.82 Billion       | 422 M/sec            |  4.73s       |     0 hits
598.82 Billion       | 422 M/sec            |  4.73s       |     0 hits
600.82 Billion       | 422 M/sec            |  4.73s       |     0 hits
602.81 Billion       | 420 M/sec            |  4.75s       |     0 hits
604.81 Billion       | 419 M/sec            |  4.77s       |     0 hits
606.80 Billion       | 421 M/sec            |  4.74s       |     0 hits
608.80 Billion       | 421 M/sec            |  4.74s       |     0 hits
610.80 Billion       | 422 M/sec            |  4.73s       |     0 hits
612.79 Billion       | 422 M/sec            |  4.73s       |     0 hits
614.79 Billion       | 422 M/sec            |  4.73s       |     0 hits
616.78 Billion       | 421 M/sec            |  4.74s       |     0 hits
618.78 Billion       | 415 M/sec            |  4.81s       |     0 hits
620.78 Billion       | 419 M/sec            |  4.76s       |     0 hits
622.77 Billion       | 422 M/sec            |  4.73s       |     0 hits
624.77 Billion       | 422 M/sec            |  4.73s       |     0 hits
626.76 Billion       | 422 M/sec            |  4.73s       |     0 hits
628.76 Billion       | 422 M/sec            |  4.73s       |     0 hits
630.76 Billion       | 422 M/sec            |  4.73s       |     0 hits
632.75 Billion       | 422 M/sec            |  4.73s       |     0 hits
634.75 Billion       | 422 M/sec            |  4.73s       |     0 hits
636.75 Billion       | 422 M/sec            |  4.73s       |     0 hits
638.74 Billion       | 412 M/sec            |  4.85s       |     0 hits
640.74 Billion       | 412 M/sec            |  4.84s       |     0 hits
642.73 Billion       | 419 M/sec            |  4.77s       |     0 hits
644.73 Billion       | 420 M/sec            |  4.75s       |     0 hits
646.73 Billion       | 419 M/sec            |  4.77s       |     0 hits
648.72 Billion       | 419 M/sec            |  4.77s       |     0 hits
650.72 Billion       | 419 M/sec            |  4.76s       |     0 hits
652.71 Billion       | 419 M/sec            |  4.77s       |     0 hits
654.71 Billion       | 419 M/sec            |  4.77s       |     0 hits
656.71 Billion       | 410 M/sec            |  4.87s       |     0 hits
658.70 Billion       | 411 M/sec            |  4.85s       |     0 hits
660.70 Billion       | 412 M/sec            |  4.84s       |     0 hits
662.69 Billion       | 411 M/sec            |  4.85s       |     0 hits
664.69 Billion       | 412 M/sec            |  4.85s       |     0 hits
666.69 Billion       | 411 M/sec            |  4.85s       |     0 hits
668.68 Billion       | 411 M/sec            |  4.86s       |     0 hits
670.68 Billion       | 420 M/sec            |  4.76s       |     0 hits
672.67 Billion       | 420 M/sec            |  4.76s       |     0 hits
674.67 Billion       | 418 M/sec            |  4.77s       |     0 hits
676.67 Billion       | 419 M/sec            |  4.76s       |     0 hits
678.66 Billion       | 417 M/sec            |  4.79s       |     0 hits
680.66 Billion       | 419 M/sec            |  4.77s       |     0 hits
682.65 Billion       | 420 M/sec            |  4.76s       |     0 hits
684.65 Billion       | 419 M/sec            |  4.76s       |     0 hits
686.65 Billion       | 419 M/sec            |  4.76s       |     0 hits
688.64 Billion       | 419 M/sec            |  4.77s       |     0 hits
690.64 Billion       | 419 M/sec            |  4.76s       |     0 hits
692.64 Billion       | 419 M/sec            |  4.76s       |     0 hits
694.63 Billion       | 418 M/sec            |  4.77s       |     0 hits
696.63 Billion       | 419 M/sec            |  4.76s       |     0 hits
698.62 Billion       | 419 M/sec            |  4.76s       |     0 hits
700.62 Billion       | 419 M/sec            |  4.76s       |     0 hits
702.62 Billion       | 418 M/sec            |  4.77s       |     0 hits
704.61 Billion       | 418 M/sec            |  4.77s       |     0 hits
706.61 Billion       | 417 M/sec            |  4.79s       |     0 hits
708.60 Billion       | 419 M/sec            |  4.77s       |     0 hits
710.60 Billion       | 419 M/sec            |  4.76s       |     0 hits
712.60 Billion       | 419 M/sec            |  4.76s       |     0 hits
714.59 Billion       | 419 M/sec            |  4.77s       |     0 hits
716.59 Billion       | 419 M/sec            |  4.76s       |     0 hits
718.58 Billion       | 419 M/sec            |  4.76s       |     0 hits
720.58 Billion       | 419 M/sec            |  4.76s       |     0 hits
722.58 Billion       | 419 M/sec            |  4.76s       |     0 hits
724.57 Billion       | 420 M/sec            |  4.76s       |     0 hits
726.57 Billion       | 419 M/sec            |  4.77s       |     0 hits
728.56 Billion       | 419 M/sec            |  4.76s       |     0 hits
730.56 Billion       | 419 M/sec            |  4.76s       |     0 hits
732.56 Billion       | 419 M/sec            |  4.77s       |     0 hits
734.55 Billion       | 418 M/sec            |  4.77s       |     0 hits
736.55 Billion       | 418 M/sec            |  4.77s       |     0 hits
738.54 Billion       | 416 M/sec            |  4.80s       |     0 hits
740.54 Billion       | 420 M/sec            |  4.76s       |     0 hits
742.54 Billion       | 420 M/sec            |  4.75s       |     0 hits
744.53 Billion       | 420 M/sec            |  4.76s       |     0 hits
746.53 Billion       | 417 M/sec            |  4.78s       |     0 hits
748.53 Billion       | 419 M/sec            |  4.77s       |     0 hits
750.52 Billion       | 418 M/sec            |  4.77s       |     0 hits
752.52 Billion       | 419 M/sec            |  4.76s       |     0 hits
754.51 Billion       | 419 M/sec            |  4.76s       |     0 hits
756.51 Billion       | 412 M/sec            |  4.85s       |     0 hits
758.51 Billion       | 411 M/sec            |  4.86s       |     0 hits
760.50 Billion       | 412 M/sec            |  4.85s       |     0 hits
762.50 Billion       | 420 M/sec            |  4.76s       |     0 hits
764.49 Billion       | 418 M/sec            |  4.78s       |     0 hits
766.49 Billion       | 418 M/sec            |  4.77s       |     0 hits
768.49 Billion       | 419 M/sec            |  4.76s       |     0 hits
770.48 Billion       | 419 M/sec            |  4.77s       |     0 hits
772.48 Billion       | 419 M/sec            |  4.77s       |     0 hits
774.47 Billion       | 419 M/sec            |  4.76s       |     0 hits
776.47 Billion       | 420 M/sec            |  4.76s       |     0 hits
778.47 Billion       | 417 M/sec            |  4.78s       |     0 hits
780.46 Billion       | 418 M/sec            |  4.77s       |     0 hits
782.46 Billion       | 419 M/sec            |  4.76s       |     0 hits
784.45 Billion       | 418 M/sec            |  4.78s       |     0 hits
786.45 Billion       | 419 M/sec            |  4.76s       |     0 hits
788.45 Billion       | 419 M/sec            |  4.76s       |     0 hits
790.44 Billion       | 411 M/sec            |  4.85s       |     0 hits
792.44 Billion       | 418 M/sec            |  4.77s       |     0 hits
794.43 Billion       | 420 M/sec            |  4.75s       |     0 hits
796.43 Billion       | 418 M/sec            |  4.77s       |     0 hits
798.43 Billion       | 419 M/sec            |  4.76s       |     0 hits
800.42 Billion       | 417 M/sec            |  4.78s       |     0 hits
802.42 Billion       | 418 M/sec            |  4.77s       |     0 hits
804.41 Billion       | 418 M/sec            |  4.77s       |     0 hits
806.41 Billion       | 415 M/sec            |  4.81s       |     0 hits
808.41 Billion       | 409 M/sec            |  4.88s       |     0 hits
810.40 Billion       | 411 M/sec            |  4.85s       |     0 hits
812.40 Billion       | 411 M/sec            |  4.86s       |     0 hits
814.40 Billion       | 413 M/sec            |  4.84s       |     0 hits
816.39 Billion       | 419 M/sec            |  4.76s       |     0 hits
818.39 Billion       | 421 M/sec            |  4.75s       |     0 hits
820.38 Billion       | 420 M/sec            |  4.75s       |     0 hits
822.38 Billion       | 419 M/sec            |  4.76s       |     0 hits
824.38 Billion       | 419 M/sec            |  4.76s       |     0 hits
826.37 Billion       | 418 M/sec            |  4.77s       |     0 hits
828.37 Billion       | 413 M/sec            |  4.83s       |     0 hits
830.36 Billion       | 411 M/sec            |  4.86s       |     0 hits
832.36 Billion       | 410 M/sec            |  4.86s       |     0 hits
834.36 Billion       | 411 M/sec            |  4.86s       |     0 hits
836.35 Billion       | 407 M/sec            |  4.90s       |     0 hits
838.35 Billion       | 418 M/sec            |  4.78s       |     0 hits
840.34 Billion       | 418 M/sec            |  4.78s       |     0 hits
842.34 Billion       | 416 M/sec            |  4.80s       |     0 hits
844.34 Billion       | 417 M/sec            |  4.79s       |     0 hits
846.33 Billion       | 416 M/sec            |  4.80s       |     0 hits
848.33 Billion       | 413 M/sec            |  4.83s       |     0 hits
850.32 Billion       | 414 M/sec            |  4.82s       |     0 hits
852.32 Billion       | 403 M/sec            |  4.95s       |     0 hits
854.32 Billion       | 403 M/sec            |  4.95s       |     0 hits
856.31 Billion       | 413 M/sec            |  4.83s       |     0 hits
858.31 Billion       | 405 M/sec            |  4.92s       |     0 hits
860.30 Billion       | 410 M/sec            |  4.86s       |     0 hits
862.30 Billion       | 421 M/sec            |  4.74s       |     0 hits
864.30 Billion       | 420 M/sec            |  4.76s       |     0 hits
866.29 Billion       | 419 M/sec            |  4.76s       |     0 hits
868.29 Billion       | 416 M/sec            |  4.80s       |     0 hits
870.29 Billion       | 422 M/sec            |  4.73s       |     0 hits
872.28 Billion       | 420 M/sec            |  4.75s       |     0 hits
874.28 Billion       | 421 M/sec            |  4.74s       |     0 hits
876.27 Billion       | 419 M/sec            |  4.77s       |     0 hits
878.27 Billion       | 413 M/sec            |  4.83s       |     0 hits
880.27 Billion       | 415 M/sec            |  4.81s       |     0 hits
882.26 Billion       | 422 M/sec            |  4.73s       |     0 hits
884.26 Billion       | 422 M/sec            |  4.73s       |     0 hits
886.25 Billion       | 421 M/sec            |  4.74s       |     0 hits
888.25 Billion       | 419 M/sec            |  4.76s       |     0 hits
890.25 Billion       | 421 M/sec            |  4.74s       |     0 hits
892.24 Billion       | 421 M/sec            |  4.74s       |     0 hits
894.24 Billion       | 420 M/sec            |  4.75s       |     0 hits
896.23 Billion       | 419 M/sec            |  4.76s       |     0 hits
898.23 Billion       | 422 M/sec            |  4.73s       |     0 hits
900.23 Billion       | 412 M/sec            |  4.85s       |     0 hits
902.22 Billion       | 417 M/sec            |  4.79s       |     0 hits
904.22 Billion       | 418 M/sec            |  4.78s       |     0 hits
906.21 Billion       | 415 M/sec            |  4.81s       |     0 hits
908.21 Billion       | 418 M/sec            |  4.77s       |     0 hits
910.21 Billion       | 413 M/sec            |  4.83s       |     0 hits
912.20 Billion       | 416 M/sec            |  4.79s       |     0 hits
914.20 Billion       | 414 M/sec            |  4.82s       |     0 hits
916.19 Billion       | 413 M/sec            |  4.83s       |     0 hits
918.19 Billion       | 413 M/sec            |  4.83s       |     0 hits
920.19 Billion       | 404 M/sec            |  4.94s       |     0 hits
922.18 Billion       | 411 M/sec            |  4.86s       |     0 hits
924.18 Billion       | 409 M/sec            |  4.88s       |     0 hits
926.17 Billion       | 409 M/sec            |  4.87s       |     0 hits
928.17 Billion       | 414 M/sec            |  4.82s       |     0 hits
930.17 Billion       | 414 M/sec            |  4.82s       |     0 hits
932.16 Billion       | 419 M/sec            |  4.76s       |     0 hits
934.16 Billion       | 411 M/sec            |  4.86s       |     0 hits
936.16 Billion       | 418 M/sec            |  4.78s       |     0 hits
938.15 Billion       | 416 M/sec            |  4.80s       |     0 hits
940.15 Billion       | 416 M/sec            |  4.80s       |     0 hits
942.14 Billion       | 415 M/sec            |  4.81s       |     0 hits
944.14 Billion       | 418 M/sec            |  4.78s       |     0 hits
946.14 Billion       | 418 M/sec            |  4.78s       |     0 hits
948.13 Billion       | 412 M/sec            |  4.84s       |     0 hits
950.13 Billion       | 417 M/sec            |  4.78s       |     0 hits
952.12 Billion       | 412 M/sec            |  4.85s       |     0 hits
954.12 Billion       | 415 M/sec            |  4.81s       |     0 hits
956.12 Billion       | 417 M/sec            |  4.78s       |     0 hits
958.11 Billion       | 419 M/sec            |  4.76s       |     0 hits
960.11 Billion       | 413 M/sec            |  4.83s       |     0 hits
962.10 Billion       | 418 M/sec            |  4.77s       |     0 hits
964.10 Billion       | 420 M/sec            |  4.76s       |     0 hits
966.10 Billion       | 420 M/sec            |  4.75s       |     0 hits
968.09 Billion       | 417 M/sec            |  4.78s       |     0 hits
970.09 Billion       | 418 M/sec            |  4.77s       |     0 hits
972.08 Billion       | 413 M/sec            |  4.84s       |     0 hits
974.08 Billion       | 407 M/sec            |  4.91s       |     0 hits
976.08 Billion       | 414 M/sec            |  4.82s       |     0 hits
978.07 Billion       | 421 M/sec            |  4.74s       |     0 hits
980.07 Billion       | 418 M/sec            |  4.77s       |     0 hits
982.06 Billion       | 411 M/sec            |  4.85s       |     0 hits
984.06 Billion       | 419 M/sec            |  4.76s       |     0 hits
986.06 Billion       | 414 M/sec            |  4.82s       |     0 hits
988.05 Billion       | 415 M/sec            |  4.81s       |     0 hits
990.05 Billion       | 418 M/sec            |  4.78s       |     0 hits
992.05 Billion       | 413 M/sec            |  4.83s       |     0 hits
994.04 Billion       | 420 M/sec            |  4.75s       |     0 hits
996.04 Billion       | 419 M/sec            |  4.76s       |     0 hits
998.03 Billion       | 419 M/sec            |  4.77s       |     0 hits
1.00 Trillion        | 418 M/sec            |  4.78s       |     0 hits
1.00 Trillion        | 419 M/sec            |  4.77s       |     0 hits
1.00 Trillion        | 419 M/sec            |  4.77s       |     0 hits
1.01 Trillion        | 412 M/sec            |  4.85s       |     0 hits
1.01 Trillion        | 409 M/sec            |  4.88s       |     0 hits
1.01 Trillion        | 411 M/sec            |  4.86s       |     0 hits
1.01 Trillion        | 412 M/sec            |  4.84s       |     0 hits
1.01 Trillion        | 411 M/sec            |  4.85s       |     0 hits
1.02 Trillion        | 412 M/sec            |  4.85s       |     0 hits
1.02 Trillion        | 413 M/sec            |  4.84s       |     0 hits
1.02 Trillion        | 419 M/sec            |  4.76s       |     0 hits
1.02 Trillion        | 419 M/sec            |  4.76s       |     0 hits
1.02 Trillion        | 420 M/sec            |  4.75s       |     0 hits
1.03 Trillion        | 415 M/sec            |  4.81s       |     0 hits
1.03 Trillion        | 416 M/sec            |  4.80s       |     0 hits
1.03 Trillion        | 420 M/sec            |  4.75s       |     0 hits
1.03 Trillion        | 415 M/sec            |  4.81s       |     0 hits
1.03 Trillion        | 412 M/sec            |  4.85s       |     0 hits
1.04 Trillion        | 409 M/sec            |  4.89s       |     0 hits
1.04 Trillion        | 415 M/sec            |  4.80s       |     0 hits
1.04 Trillion        | 410 M/sec            |  4.87s       |     0 hits
1.04 Trillion        | 419 M/sec            |  4.77s       |     0 hits
1.04 Trillion        | 419 M/sec            |  4.76s       |     0 hits
1.05 Trillion        | 417 M/sec            |  4.79s       |     0 hits
1.05 Trillion        | 414 M/sec            |  4.82s       |     0 hits
1.05 Trillion        | 418 M/sec            |  4.77s       |     0 hits
1.05 Trillion        | 414 M/sec            |  4.82s       |     0 hits
1.05 Trillion        | 416 M/sec            |  4.80s       |     0 hits
1.06 Trillion        | 416 M/sec            |  4.80s       |     0 hits
1.06 Trillion        | 416 M/sec            |  4.80s       |     0 hits
1.06 Trillion        | 416 M/sec            |  4.79s       |     0 hits
1.06 Trillion        | 413 M/sec            |  4.84s       |     0 hits
1.06 Trillion        | 415 M/sec            |  4.81s       |     0 hits
1.07 Trillion        | 416 M/sec            |  4.80s       |     0 hits
1.07 Trillion        | 417 M/sec            |  4.79s       |     0 hits
1.07 Trillion        | 416 M/sec            |  4.80s       |     0 hits
1.07 Trillion        | 416 M/sec            |  4.80s       |     0 hits
1.07 Trillion        | 414 M/sec            |  4.83s       |     0 hits
1.08 Trillion        | 418 M/sec            |  4.78s       |     0 hits
1.08 Trillion        | 415 M/sec            |  4.81s       |     0 hits
1.08 Trillion        | 420 M/sec            |  4.76s       |     0 hits
1.08 Trillion        | 419 M/sec            |  4.77s       |     0 hits
1.08 Trillion        | 417 M/sec            |  4.79s       |     0 hits
1.09 Trillion        | 420 M/sec            |  4.75s       |     0 hits
1.09 Trillion        | 420 M/sec            |  4.75s       |     0 hits
1.09 Trillion        | 420 M/sec            |  4.76s       |     0 hits
1.09 Trillion        | 415 M/sec            |  4.81s       |     0 hits
1.09 Trillion        | 414 M/sec            |  4.82s       |     0 hits
1.10 Trillion        | 416 M/sec            |  4.80s       |     0 hits
1.10 Trillion        | 408 M/sec            |  4.89s       |     0 hits
1.10 Trillion        | 412 M/sec            |  4.85s       |     0 hits
1.10 Trillion        | 406 M/sec            |  4.91s       |     0 hits
1.10 Trillion        | 414 M/sec            |  4.82s       |     0 hits
1.11 Trillion        | 418 M/sec            |  4.78s       |     0 hits
1.11 Trillion        | 415 M/sec            |  4.81s       |     0 hits
1.11 Trillion        | 418 M/sec            |  4.78s       |     0 hits
1.11 Trillion        | 418 M/sec            |  4.78s       |     0 hits
1.11 Trillion        | 416 M/sec            |  4.80s       |     0 hits
1.12 Trillion        | 413 M/sec            |  4.83s       |     0 hits
1.12 Trillion        | 416 M/sec            |  4.80s       |     0 hits
1.12 Trillion        | 419 M/sec            |  4.76s       |     0 hits
1.12 Trillion        | 415 M/sec            |  4.81s       |     0 hits
1.12 Trillion        | 417 M/sec            |  4.79s       |     0 hits
1.13 Trillion        | 414 M/sec            |  4.83s       |     0 hits
1.13 Trillion        | 415 M/sec            |  4.81s       |     0 hits
1.13 Trillion        | 418 M/sec            |  4.77s       |     0 hits
1.13 Trillion        | 418 M/sec            |  4.77s       |     0 hits
1.13 Trillion        | 417 M/sec            |  4.79s       |     0 hits
1.14 Trillion        | 410 M/sec            |  4.87s       |     0 hits
1.14 Trillion        | 417 M/sec            |  4.79s       |     0 hits
1.14 Trillion        | 412 M/sec            |  4.85s       |     0 hits
1.14 Trillion        | 419 M/sec            |  4.76s       |     0 hits
1.14 Trillion        | 420 M/sec            |  4.75s       |     0 hits
1.15 Trillion        | 420 M/sec            |  4.75s       |     0 hits
1.15 Trillion        | 418 M/sec            |  4.77s       |     0 hits
1.15 Trillion        | 415 M/sec            |  4.81s       |     0 hits
1.15 Trillion        | 414 M/sec            |  4.82s       |     0 hits
1.15 Trillion        | 414 M/sec            |  4.82s       |     0 hits
1.16 Trillion        | 410 M/sec            |  4.87s       |     0 hits
1.16 Trillion        | 400 M/sec            |  4.99s       |     0 hits
1.16 Trillion        | 409 M/sec            |  4.88s       |     0 hits
1.16 Trillion        | 402 M/sec            |  4.97s       |     0 hits
1.16 Trillion        | 410 M/sec            |  4.87s       |     0 hits
1.17 Trillion        | 421 M/sec            |  4.74s       |     0 hits
1.17 Trillion        | 415 M/sec            |  4.81s       |     0 hits
1.17 Trillion        | 412 M/sec            |  4.84s       |     0 hits
1.17 Trillion        | 416 M/sec            |  4.79s       |     0 hits
1.17 Trillion        | 414 M/sec            |  4.82s       |     0 hits
1.18 Trillion        | 414 M/sec            |  4.82s       |     0 hits
1.18 Trillion        | 417 M/sec            |  4.79s       |     0 hits
1.18 Trillion        | 411 M/sec            |  4.86s       |     0 hits
1.18 Trillion        | 417 M/sec            |  4.79s       |     0 hits
1.18 Trillion        | 416 M/sec            |  4.80s       |     0 hits
1.19 Trillion        | 419 M/sec            |  4.76s       |     0 hits
1.19 Trillion        | 418 M/sec            |  4.78s       |     0 hits
1.19 Trillion        | 406 M/sec            |  4.92s       |     0 hits
1.19 Trillion        | 417 M/sec            |  4.78s       |     0 hits
1.19 Trillion        | 413 M/sec            |  4.83s       |     0 hits
1.20 Trillion        | 412 M/sec            |  4.84s       |     0 hits
1.20 Trillion        | 413 M/sec            |  4.83s       |     0 hits
1.20 Trillion        | 412 M/sec            |  4.85s       |     0 hits
1.20 Trillion        | 414 M/sec            |  4.83s       |     0 hits
1.20 Trillion        | 410 M/sec            |  4.86s       |     0 hits
1.21 Trillion        | 419 M/sec            |  4.76s       |     0 hits
1.21 Trillion        | 417 M/sec            |  4.79s       |     0 hits
1.21 Trillion        | 414 M/sec            |  4.82s       |     0 hits
1.21 Trillion        | 419 M/sec            |  4.77s       |     0 hits
1.21 Trillion        | 417 M/sec            |  4.79s       |     0 hits
1.22 Trillion        | 418 M/sec            |  4.77s       |     0 hits
1.22 Trillion        | 420 M/sec            |  4.76s       |     0 hits
1.22 Trillion        | 417 M/sec            |  4.78s       |     0 hits
1.22 Trillion        | 412 M/sec            |  4.85s       |     0 hits
1.22 Trillion        | 421 M/sec            |  4.74s       |     0 hits
1.23 Trillion        | 417 M/sec            |  4.78s       |     0 hits
1.23 Trillion        | 410 M/sec            |  4.87s       |     0 hits
1.23 Trillion        | 411 M/sec            |  4.85s       |     0 hits
1.23 Trillion        | 411 M/sec            |  4.86s       |     0 hits
1.23 Trillion        | 410 M/sec            |  4.86s       |     0 hits
1.24 Trillion        | 409 M/sec            |  4.88s       |     0 hits
1.24 Trillion        | 417 M/sec            |  4.79s       |     0 hits
1.24 Trillion        | 418 M/sec            |  4.77s       |     0 hits
1.24 Trillion        | 414 M/sec            |  4.82s       |     0 hits
1.24 Trillion        | 417 M/sec            |  4.79s       |     0 hits
1.25 Trillion        | 412 M/sec            |  4.84s       |     0 hits
1.25 Trillion        | 418 M/sec            |  4.78s       |     0 hits
1.25 Trillion        | 414 M/sec            |  4.82s       |     0 hits
1.25 Trillion        | 413 M/sec            |  4.83s       |     0 hits
1.25 Trillion        | 418 M/sec            |  4.77s       |     0 hits
1.26 Trillion        | 418 M/sec            |  4.77s       |     0 hits
1.26 Trillion        | 416 M/sec            |  4.80s       |     0 hits
1.26 Trillion        | 414 M/sec            |  4.82s       |     0 hits
1.26 Trillion        | 420 M/sec            |  4.76s       |     0 hits
1.26 Trillion        | 415 M/sec            |  4.82s       |     0 hits
1.27 Trillion        | 419 M/sec            |  4.77s       |     0 hits
1.27 Trillion        | 416 M/sec            |  4.79s       |     0 hits
1.27 Trillion        | 419 M/sec            |  4.77s       |     0 hits
1.27 Trillion        | 420 M/sec            |  4.76s       |     0 hits
1.27 Trillion        | 419 M/sec            |  4.76s       |     0 hits
1.28 Trillion        | 417 M/sec            |  4.78s       |     0 hits
1.28 Trillion        | 417 M/sec            |  4.79s       |     0 hits
1.28 Trillion        | 418 M/sec            |  4.78s       |     0 hits
1.28 Trillion        | 415 M/sec            |  4.82s       |     0 hits
1.28 Trillion        | 412 M/sec            |  4.84s       |     0 hits
1.29 Trillion        | 419 M/sec            |  4.76s       |     0 hits
1.29 Trillion        | 416 M/sec            |  4.80s       |     0 hits
1.29 Trillion        | 416 M/sec            |  4.80s       |     0 hits
1.29 Trillion        | 419 M/sec            |  4.76s       |     0 hits
1.29 Trillion        | 416 M/sec            |  4.79s       |     0 hits
1.30 Trillion        | 416 M/sec            |  4.80s       |     0 hits
1.30 Trillion        | 420 M/sec            |  4.75s       |     0 hits
1.30 Trillion        | 420 M/sec            |  4.75s       |     0 hits
1.30 Trillion        | 417 M/sec            |  4.79s       |     0 hits
1.30 Trillion        | 416 M/sec            |  4.80s       |     0 hits
1.31 Trillion        | 418 M/sec            |  4.77s       |     0 hits
1.31 Trillion        | 418 M/sec            |  4.77s       |     0 hits
1.31 Trillion        | 419 M/sec            |  4.76s       |     0 hits
1.31 Trillion        | 419 M/sec            |  4.76s       |     0 hits
1.31 Trillion        | 418 M/sec            |  4.78s       |     0 hits
1.32 Trillion        | 415 M/sec            |  4.81s       |     0 hits
1.32 Trillion        | 416 M/sec            |  4.80s       |     0 hits
1.32 Trillion        | 417 M/sec            |  4.79s       |     0 hits
1.32 Trillion        | 407 M/sec            |  4.90s       |     0 hits
1.32 Trillion        | 407 M/sec            |  4.90s       |     0 hits
1.33 Trillion        | 410 M/sec            |  4.86s       |     0 hits
1.33 Trillion        | 410 M/sec            |  4.86s       |     0 hits
1.33 Trillion        | 411 M/sec            |  4.86s       |     0 hits
1.33 Trillion        | 422 M/sec            |  4.73s       |     0 hits
1.33 Trillion        | 420 M/sec            |  4.75s       |     0 hits
1.34 Trillion        | 420 M/sec            |  4.75s       |     0 hits
1.34 Trillion        | 420 M/sec            |  4.75s       |     0 hits
1.34 Trillion        | 418 M/sec            |  4.78s       |     0 hits
1.34 Trillion        | 419 M/sec            |  4.77s       |     0 hits
1.34 Trillion        | 414 M/sec            |  4.82s       |     0 hits
1.35 Trillion        | 414 M/sec            |  4.82s       |     0 hits
1.35 Trillion        | 413 M/sec            |  4.83s       |     0 hits
1.35 Trillion        | 418 M/sec            |  4.78s       |     0 hits
1.35 Trillion        | 414 M/sec            |  4.82s       |     0 hits
1.35 Trillion        | 413 M/sec            |  4.84s       |     0 hits
1.36 Trillion        | 413 M/sec            |  4.83s       |     0 hits
1.36 Trillion        | 413 M/sec            |  4.84s       |     0 hits
1.36 Trillion        | 419 M/sec            |  4.76s       |     0 hits
1.36 Trillion        | 417 M/sec            |  4.79s       |     0 hits
1.36 Trillion        | 417 M/sec            |  4.79s       |     0 hits
1.37 Trillion        | 418 M/sec            |  4.78s       |     0 hits
1.37 Trillion        | 418 M/sec            |  4.78s       |     0 hits
1.37 Trillion        | 416 M/sec            |  4.80s       |     0 hits
1.37 Trillion        | 408 M/sec            |  4.89s       |     0 hits
1.37 Trillion        | 417 M/sec            |  4.79s       |     0 hits
1.38 Trillion        | 415 M/sec            |  4.81s       |     0 hits
1.38 Trillion        | 413 M/sec            |  4.83s       |     0 hits
1.38 Trillion        | 416 M/sec            |  4.80s       |     0 hits
1.38 Trillion        | 416 M/sec            |  4.79s       |     0 hits
1.38 Trillion        | 418 M/sec            |  4.78s       |     0 hits
1.39 Trillion        | 414 M/sec            |  4.82s       |     0 hits
1.39 Trillion        | 414 M/sec            |  4.83s       |     0 hits
1.39 Trillion        | 420 M/sec            |  4.75s       |     0 hits
1.39 Trillion        | 420 M/sec            |  4.75s       |     0 hits
1.39 Trillion        | 415 M/sec            |  4.81s       |     0 hits
1.40 Trillion        | 418 M/sec            |  4.77s       |     0 hits
1.40 Trillion        | 413 M/sec            |  4.83s       |     0 hits
1.40 Trillion        | 417 M/sec            |  4.79s       |     0 hits
1.40 Trillion        | 420 M/sec            |  4.76s       |     0 hits
1.40 Trillion        | 418 M/sec            |  4.78s       |     0 hits
1.41 Trillion        | 415 M/sec            |  4.81s       |     0 hits
1.41 Trillion        | 416 M/sec            |  4.80s       |     0 hits
1.41 Trillion        | 415 M/sec            |  4.81s       |     0 hits
1.41 Trillion        | 416 M/sec            |  4.80s       |     0 hits
1.41 Trillion        | 417 M/sec            |  4.79s       |     0 hits
1.42 Trillion        | 417 M/sec            |  4.79s       |     0 hits
1.42 Trillion        | 419 M/sec            |  4.77s       |     0 hits
1.42 Trillion        | 418 M/sec            |  4.78s       |     0 hits
1.42 Trillion        | 418 M/sec            |  4.78s       |     0 hits
1.42 Trillion        | 417 M/sec            |  4.78s       |     0 hits
1.43 Trillion        | 413 M/sec            |  4.84s       |     0 hits
1.43 Trillion        | 418 M/sec            |  4.78s       |     0 hits
1.43 Trillion        | 420 M/sec            |  4.75s       |     0 hits
1.43 Trillion        | 417 M/sec            |  4.79s       |     0 hits
1.43 Trillion        | 412 M/sec            |  4.84s       |     0 hits
1.44 Trillion        | 418 M/sec            |  4.78s       |     0 hits
1.44 Trillion        | 418 M/sec            |  4.77s       |     0 hits
1.44 Trillion        | 419 M/sec            |  4.76s       |     0 hits
1.44 Trillion        | 419 M/sec            |  4.76s       |     0 hits
1.44 Trillion        | 418 M/sec            |  4.77s       |     0 hits
1.45 Trillion        | 419 M/sec            |  4.76s       |     0 hits
1.45 Trillion        | 418 M/sec            |  4.77s       |     0 hits
1.45 Trillion        | 417 M/sec            |  4.78s       |     0 hits
1.45 Trillion        | 404 M/sec            |  4.94s       |     0 hits
1.45 Trillion        | 406 M/sec            |  4.91s       |     0 hits
1.46 Trillion        | 414 M/sec            |  4.82s       |     0 hits
1.46 Trillion        | 417 M/sec            |  4.79s       |     0 hits
1.46 Trillion        | 416 M/sec            |  4.80s       |     0 hits
1.46 Trillion        | 418 M/sec            |  4.77s       |     0 hits
1.46 Trillion        | 417 M/sec            |  4.79s       |     0 hits
1.47 Trillion        | 412 M/sec            |  4.84s       |     0 hits
1.47 Trillion        | 414 M/sec            |  4.82s       |     0 hits
1.47 Trillion        | 419 M/sec            |  4.77s       |     0 hits
1.47 Trillion        | 420 M/sec            |  4.76s       |     0 hits
1.47 Trillion        | 419 M/sec            |  4.76s       |     0 hits
1.48 Trillion        | 412 M/sec            |  4.85s       |     0 hits
1.48 Trillion        | 421 M/sec            |  4.75s       |     0 hits
1.48 Trillion        | 413 M/sec            |  4.84s       |     0 hits
1.48 Trillion        | 409 M/sec            |  4.87s       |     0 hits
1.48 Trillion        | 413 M/sec            |  4.83s       |     0 hits
1.49 Trillion        | 413 M/sec            |  4.83s       |     0 hits
1.49 Trillion        | 413 M/sec            |  4.83s       |     0 hits
1.49 Trillion        | 413 M/sec            |  4.83s       |     0 hits
1.49 Trillion        | 413 M/sec            |  4.84s       |     0 hits
1.49 Trillion        | 420 M/sec            |  4.76s       |     0 hits
1.50 Trillion        | 418 M/sec            |  4.77s       |     0 hits
1.50 Trillion        | 419 M/sec            |  4.76s       |     0 hits
1.50 Trillion        | 419 M/sec            |  4.76s       |     0 hits
1.50 Trillion        | 419 M/sec            |  4.76s       |     0 hits
1.50 Trillion        | 419 M/sec            |  4.76s       |     0 hits
1.51 Trillion        | 419 M/sec            |  4.76s       |     0 hits
1.51 Trillion        | 420 M/sec            |  4.76s       |     0 hits
1.51 Trillion        | 419 M/sec            |  4.76s       |     0 hits
1.51 Trillion        | 419 M/sec            |  4.76s       |     0 hits
1.51 Trillion        | 420 M/sec            |  4.76s       |     0 hits
1.52 Trillion        | 420 M/sec            |  4.76s       |     0 hits
1.52 Trillion        | 419 M/sec            |  4.76s       |     0 hits
1.52 Trillion        | 419 M/sec            |  4.77s       |     0 hits
1.52 Trillion        | 419 M/sec            |  4.76s       |     0 hits
1.52 Trillion        | 419 M/sec            |  4.76s       |     0 hits
1.52 Trillion        | 420 M/sec            |  4.75s       |     0 hits
1.53 Trillion        | 419 M/sec            |  4.76s       |     0 hits
1.53 Trillion        | 420 M/sec            |  4.76s       |     0 hits
1.53 Trillion        | 419 M/sec            |  4.76s       |     0 hits
1.53 Trillion        | 419 M/sec            |  4.76s       |     0 hits
1.53 Trillion        | 420 M/sec            |  4.76s       |     0 hits
1.54 Trillion        | 419 M/sec            |  4.76s       |     0 hits
1.54 Trillion        | 420 M/sec            |  4.76s       |     0 hits
1.54 Trillion        | 420 M/sec            |  4.75s       |     0 hits
1.54 Trillion        | 419 M/sec            |  4.76s       |     0 hits
1.54 Trillion        | 419 M/sec            |  4.76s       |     0 hits
1.55 Trillion        | 420 M/sec            |  4.76s       |     0 hits
1.55 Trillion        | 420 M/sec            |  4.75s       |     0 hits
1.55 Trillion        | 419 M/sec            |  4.76s       |     0 hits
1.55 Trillion        | 419 M/sec            |  4.76s       |     0 hits
1.55 Trillion        | 419 M/sec            |  4.76s       |     0 hits
1.56 Trillion        | 420 M/sec            |  4.76s       |     0 hits
1.56 Trillion        | 419 M/sec            |  4.76s       |     0 hits
1.56 Trillion        | 419 M/sec            |  4.76s       |     0 hits
1.56 Trillion        | 419 M/sec            |  4.76s       |     0 hits
1.56 Trillion        | 419 M/sec            |  4.76s       |     0 hits
1.57 Trillion        | 419 M/sec            |  4.76s       |     0 hits
1.57 Trillion        | 419 M/sec            |  4.76s       |     0 hits
1.57 Trillion        | 420 M/sec            |  4.76s       |     0 hits
1.57 Trillion        | 419 M/sec            |  4.76s       |     0 hits
1.57 Trillion        | 419 M/sec            |  4.76s       |     0 hits
1.58 Trillion        | 419 M/sec            |  4.76s       |     0 hits
1.58 Trillion        | 419 M/sec            |  4.76s       |     0 hits
1.58 Trillion        | 419 M/sec            |  4.76s       |     0 hits
1.58 Trillion        | 420 M/sec            |  4.76s       |     0 hits
1.58 Trillion        | 419 M/sec            |  4.76s       |     0 hits
1.59 Trillion        | 419 M/sec            |  4.76s       |     0 hits
1.59 Trillion        | 419 M/sec            |  4.76s       |     0 hits
1.59 Trillion        | 420 M/sec            |  4.76s       |     0 hits
1.59 Trillion        | 419 M/sec            |  4.76s       |     0 hits
1.59 Trillion        | 419 M/sec            |  4.76s       |     0 hits
1.60 Trillion        | 419 M/sec            |  4.77s       |     0 hits
1.60 Trillion        | 420 M/sec            |  4.76s       |     0 hits
1.60 Trillion        | 419 M/sec            |  4.76s       |     0 hits
1.60 Trillion        | 419 M/sec            |  4.77s       |     0 hits
1.60 Trillion        | 420 M/sec            |  4.76s       |     0 hits
1.61 Trillion        | 418 M/sec            |  4.78s       |     0 hits
1.61 Trillion        | 420 M/sec            |  4.76s       |     0 hits
1.61 Trillion        | 418 M/sec            |  4.77s       |     0 hits
1.61 Trillion        | 416 M/sec            |  4.80s       |     0 hits
1.61 Trillion        | 414 M/sec            |  4.82s       |     0 hits
1.62 Trillion        | 417 M/sec            |  4.79s       |     0 hits
1.62 Trillion        | 417 M/sec            |  4.79s       |     0 hits
1.62 Trillion        | 418 M/sec            |  4.77s       |     0 hits
1.62 Trillion        | 418 M/sec            |  4.78s       |     0 hits
1.62 Trillion        | 414 M/sec            |  4.82s       |     0 hits
1.63 Trillion        | 418 M/sec            |  4.78s       |     0 hits
1.63 Trillion        | 419 M/sec            |  4.77s       |     0 hits
1.63 Trillion        | 412 M/sec            |  4.85s       |     0 hits
1.63 Trillion        | 416 M/sec            |  4.80s       |     0 hits
1.63 Trillion        | 416 M/sec            |  4.80s       |     0 hits
1.64 Trillion        | 419 M/sec            |  4.76s       |     0 hits
1.64 Trillion        | 416 M/sec            |  4.80s       |     0 hits
1.64 Trillion        | 413 M/sec            |  4.83s       |     0 hits
1.64 Trillion        | 410 M/sec            |  4.87s       |     0 hits
1.64 Trillion        | 412 M/sec            |  4.84s       |     0 hits
1.65 Trillion        | 414 M/sec            |  4.82s       |     0 hits
1.65 Trillion        | 420 M/sec            |  4.76s       |     0 hits
1.65 Trillion        | 420 M/sec            |  4.75s       |     0 hits
1.65 Trillion        | 414 M/sec            |  4.82s       |     0 hits
1.65 Trillion        | 419 M/sec            |  4.77s       |     0 hits
1.66 Trillion        | 416 M/sec            |  4.79s       |     0 hits
1.66 Trillion        | 419 M/sec            |  4.76s       |     0 hits
1.66 Trillion        | 418 M/sec            |  4.78s       |     0 hits
1.66 Trillion        | 414 M/sec            |  4.82s       |     0 hits
1.66 Trillion        | 419 M/sec            |  4.76s       |     0 hits
1.67 Trillion        | 416 M/sec            |  4.80s       |     0 hits
1.67 Trillion        | 419 M/sec            |  4.76s       |     0 hits
1.67 Trillion        | 415 M/sec            |  4.81s       |     0 hits
1.67 Trillion        | 417 M/sec            |  4.79s       |     0 hits
1.67 Trillion        | 418 M/sec            |  4.78s       |     0 hits
1.68 Trillion        | 419 M/sec            |  4.76s       |     0 hits
1.68 Trillion        | 417 M/sec            |  4.79s       |     0 hits
1.68 Trillion        | 419 M/sec            |  4.77s       |     0 hits
1.68 Trillion        | 416 M/sec            |  4.79s       |     0 hits
1.68 Trillion        | 417 M/sec            |  4.79s       |     0 hits
1.69 Trillion        | 413 M/sec            |  4.83s       |     0 hits
1.69 Trillion        | 413 M/sec            |  4.84s       |     0 hits
1.69 Trillion        | 413 M/sec            |  4.83s       |     0 hits
1.69 Trillion        | 413 M/sec            |  4.83s       |     0 hits
1.69 Trillion        | 419 M/sec            |  4.77s       |     0 hits
1.70 Trillion        | 420 M/sec            |  4.75s       |     0 hits
1.70 Trillion        | 420 M/sec            |  4.75s       |     0 hits
1.70 Trillion        | 419 M/sec            |  4.76s       |     0 hits
1.70 Trillion        | 420 M/sec            |  4.76s       |     0 hits
1.70 Trillion        | 419 M/sec            |  4.76s       |     0 hits
1.71 Trillion        | 420 M/sec            |  4.75s       |     0 hits
1.71 Trillion        | 420 M/sec            |  4.76s       |     0 hits
1.71 Trillion        | 420 M/sec            |  4.76s       |     0 hits
1.71 Trillion        | 420 M/sec            |  4.75s       |     0 hits
1.71 Trillion        | 420 M/sec            |  4.76s       |     0 hits
1.72 Trillion        | 420 M/sec            |  4.75s       |     0 hits
1.72 Trillion        | 420 M/sec            |  4.76s       |     0 hits
1.72 Trillion        | 420 M/sec            |  4.75s       |     0 hits
1.72 Trillion        | 420 M/sec            |  4.76s       |     0 hits
1.72 Trillion        | 420 M/sec            |  4.75s       |     0 hits
1.73 Trillion        | 420 M/sec            |  4.75s       |     0 hits
1.73 Trillion        | 420 M/sec            |  4.76s       |     0 hits
1.73 Trillion        | 420 M/sec            |  4.75s       |     0 hits
1.73 Trillion        | 419 M/sec            |  4.76s       |     0 hits
1.73 Trillion        | 420 M/sec            |  4.75s       |     0 hits
1.74 Trillion        | 419 M/sec            |  4.76s       |     0 hits
1.74 Trillion        | 420 M/sec            |  4.76s       |     0 hits
1.74 Trillion        | 419 M/sec            |  4.76s       |     0 hits
1.74 Trillion        | 419 M/sec            |  4.76s       |     0 hits
1.74 Trillion        | 420 M/sec            |  4.76s       |     0 hits
1.75 Trillion        | 419 M/sec            |  4.76s       |     0 hits
1.75 Trillion        | 420 M/sec            |  4.75s       |     0 hits
1.75 Trillion        | 420 M/sec            |  4.76s       |     0 hits
1.75 Trillion        | 419 M/sec            |  4.76s       |     0 hits
1.75 Trillion        | 420 M/sec            |  4.76s       |     0 hits
1.76 Trillion        | 420 M/sec            |  4.76s       |     0 hits
1.76 Trillion        | 420 M/sec            |  4.75s       |     0 hits
1.76 Trillion        | 420 M/sec            |  4.76s       |     0 hits
1.76 Trillion        | 420 M/sec            |  4.75s       |     0 hits
1.76 Trillion        | 419 M/sec            |  4.76s       |     0 hits
1.77 Trillion        | 419 M/sec            |  4.76s       |     0 hits
1.77 Trillion        | 420 M/sec            |  4.75s       |     0 hits
1.77 Trillion        | 411 M/sec            |  4.85s       |     0 hits
1.77 Trillion        | 415 M/sec            |  4.81s       |     0 hits
1.77 Trillion        | 413 M/sec            |  4.83s       |     0 hits
1.78 Trillion        | 418 M/sec            |  4.77s       |     0 hits
1.78 Trillion        | 418 M/sec            |  4.77s       |     0 hits
1.78 Trillion        | 420 M/sec            |  4.75s       |     0 hits
1.78 Trillion        | 420 M/sec            |  4.75s       |     0 hits
1.78 Trillion        | 419 M/sec            |  4.77s       |     0 hits
1.79 Trillion        | 419 M/sec            |  4.76s       |     0 hits
1.79 Trillion        | 420 M/sec            |  4.76s       |     0 hits
1.79 Trillion        | 414 M/sec            |  4.82s       |     0 hits
1.79 Trillion        | 420 M/sec            |  4.76s       |     0 hits
1.79 Trillion        | 412 M/sec            |  4.84s       |     0 hits
1.80 Trillion        | 416 M/sec            |  4.80s       |     0 hits
1.80 Trillion        | 414 M/sec            |  4.82s       |     0 hits
1.80 Trillion        | 419 M/sec            |  4.76s       |     0 hits
1.80 Trillion        | 417 M/sec            |  4.79s       |     0 hits
1.80 Trillion        | 415 M/sec            |  4.81s       |     0 hits
1.81 Trillion        | 419 M/sec            |  4.77s       |     0 hits
1.81 Trillion        | 417 M/sec            |  4.79s       |     0 hits
1.81 Trillion        | 417 M/sec            |  4.79s       |     0 hits
1.81 Trillion        | 417 M/sec            |  4.79s       |     0 hits
1.81 Trillion        | 416 M/sec            |  4.80s       |     0 hits
1.82 Trillion        | 417 M/sec            |  4.79s       |     0 hits
1.82 Trillion        | 420 M/sec            |  4.76s       |     0 hits
1.82 Trillion        | 413 M/sec            |  4.83s       |     0 hits
1.82 Trillion        | 420 M/sec            |  4.75s       |     0 hits
1.82 Trillion        | 416 M/sec            |  4.80s       |     0 hits
1.83 Trillion        | 417 M/sec            |  4.79s       |     0 hits
1.83 Trillion        | 418 M/sec            |  4.78s       |     0 hits
1.83 Trillion        | 416 M/sec            |  4.80s       |     0 hits
1.83 Trillion        | 417 M/sec            |  4.78s       |     0 hits
1.83 Trillion        | 419 M/sec            |  4.76s       |     0 hits
1.84 Trillion        | 416 M/sec            |  4.80s       |     0 hits
1.84 Trillion        | 419 M/sec            |  4.77s       |     0 hits
1.84 Trillion        | 419 M/sec            |  4.77s       |     0 hits
1.84 Trillion        | 419 M/sec            |  4.76s       |     0 hits
1.84 Trillion        | 419 M/sec            |  4.76s       |     0 hits
1.85 Trillion        | 412 M/sec            |  4.85s       |     0 hits
1.85 Trillion        | 420 M/sec            |  4.75s       |     0 hits
1.85 Trillion        | 413 M/sec            |  4.84s       |     0 hits
1.85 Trillion        | 417 M/sec            |  4.78s       |     0 hits
1.85 Trillion        | 414 M/sec            |  4.82s       |     0 hits
1.86 Trillion        | 413 M/sec            |  4.83s       |     0 hits
1.86 Trillion        | 415 M/sec            |  4.81s       |     0 hits
1.86 Trillion        | 410 M/sec            |  4.87s       |     0 hits
1.86 Trillion        | 417 M/sec            |  4.79s       |     0 hits
1.86 Trillion        | 405 M/sec            |  4.92s       |     0 hits
1.87 Trillion        | 401 M/sec            |  4.98s       |     0 hits
1.87 Trillion        | 400 M/sec            |  4.99s       |     0 hits
1.87 Trillion        | 409 M/sec            |  4.88s       |     0 hits
1.87 Trillion        | 410 M/sec            |  4.87s       |     0 hits
1.87 Trillion        | 407 M/sec            |  4.90s       |     0 hits
1.88 Trillion        | 408 M/sec            |  4.90s       |     0 hits
1.88 Trillion        | 410 M/sec            |  4.87s       |     0 hits
1.88 Trillion        | 409 M/sec            |  4.89s       |     0 hits
1.88 Trillion        | 399 M/sec            |  5.00s       |     0 hits
1.88 Trillion        | 400 M/sec            |  4.99s       |     0 hits
1.89 Trillion        | 410 M/sec            |  4.87s       |     0 hits
1.89 Trillion        | 419 M/sec            |  4.77s       |     0 hits
1.89 Trillion        | 422 M/sec            |  4.73s       |     0 hits
1.89 Trillion        | 418 M/sec            |  4.78s       |     0 hits
1.89 Trillion        | 415 M/sec            |  4.81s       |     0 hits
1.90 Trillion        | 418 M/sec            |  4.77s       |     0 hits
1.90 Trillion        | 419 M/sec            |  4.77s       |     0 hits
1.90 Trillion        | 416 M/sec            |  4.80s       |     0 hits
1.90 Trillion        | 418 M/sec            |  4.78s       |     0 hits
1.90 Trillion        | 419 M/sec            |  4.76s       |     0 hits
1.91 Trillion        | 420 M/sec            |  4.75s       |     0 hits
1.91 Trillion        | 422 M/sec            |  4.73s       |     0 hits
1.91 Trillion        | 422 M/sec            |  4.73s       |     0 hits
1.91 Trillion        | 422 M/sec            |  4.73s       |     0 hits
1.91 Trillion        | 421 M/sec            |  4.74s       |     0 hits
1.92 Trillion        | 419 M/sec            |  4.77s       |     0 hits
1.92 Trillion        | 420 M/sec            |  4.75s       |     0 hits
1.92 Trillion        | 419 M/sec            |  4.76s       |     0 hits
1.92 Trillion        | 409 M/sec            |  4.88s       |     0 hits
1.92 Trillion        | 413 M/sec            |  4.84s       |     0 hits
1.93 Trillion        | 411 M/sec            |  4.86s       |     0 hits
1.93 Trillion        | 417 M/sec            |  4.79s       |     0 hits
1.93 Trillion        | 421 M/sec            |  4.74s       |     0 hits
1.93 Trillion        | 422 M/sec            |  4.73s       |     0 hits
1.93 Trillion        | 422 M/sec            |  4.73s       |     0 hits
1.94 Trillion        | 418 M/sec            |  4.77s       |     0 hits
1.94 Trillion        | 422 M/sec            |  4.73s       |     0 hits
1.94 Trillion        | 422 M/sec            |  4.73s       |     0 hits
1.94 Trillion        | 422 M/sec            |  4.72s       |     0 hits
1.94 Trillion        | 419 M/sec            |  4.76s       |     0 hits
1.95 Trillion        | 421 M/sec            |  4.74s       |     0 hits
1.95 Trillion        | 421 M/sec            |  4.75s       |     0 hits
1.95 Trillion        | 417 M/sec            |  4.79s       |     0 hits
1.95 Trillion        | 418 M/sec            |  4.77s       |     0 hits
1.95 Trillion        | 418 M/sec            |  4.78s       |     0 hits
1.96 Trillion        | 415 M/sec            |  4.80s       |     0 hits
1.96 Trillion        | 418 M/sec            |  4.78s       |     0 hits
1.96 Trillion        | 420 M/sec            |  4.76s       |     0 hits
1.96 Trillion        | 421 M/sec            |  4.74s       |     0 hits
1.96 Trillion        | 420 M/sec            |  4.75s       |     0 hits
1.97 Trillion        | 419 M/sec            |  4.77s       |     0 hits
1.97 Trillion        | 420 M/sec            |  4.75s       |     0 hits
1.97 Trillion        | 415 M/sec            |  4.81s       |     0 hits
1.97 Trillion        | 422 M/sec            |  4.73s       |     0 hits
1.97 Trillion        | 418 M/sec            |  4.78s       |     0 hits
1.98 Trillion        | 416 M/sec            |  4.80s       |     0 hits
1.98 Trillion        | 418 M/sec            |  4.78s       |     0 hits
1.98 Trillion        | 419 M/sec            |  4.77s       |     0 hits
1.98 Trillion        | 420 M/sec            |  4.76s       |     0 hits
1.98 Trillion        | 422 M/sec            |  4.73s       |     0 hits
1.99 Trillion        | 421 M/sec            |  4.74s       |     0 hits
1.99 Trillion        | 422 M/sec            |  4.73s       |     0 hits
1.99 Trillion        | 417 M/sec            |  4.78s       |     0 hits
1.99 Trillion        | 418 M/sec            |  4.77s       |     0 hits
1.99 Trillion        | 422 M/sec            |  4.73s       |     0 hits
2.00 Trillion        | 418 M/sec            |  4.77s       |     0 hits
2.00 Trillion        | 412 M/sec            |  4.84s       |     0 hits
2.00 Trillion        | 421 M/sec            |  4.74s       |     0 hits
2.00 Trillion        | 423 M/sec            |  4.72s       |     0 hits
2.00 Trillion        | 419 M/sec            |  4.76s       |     0 hits
2.01 Trillion        | 419 M/sec            |  4.76s       |     0 hits
2.01 Trillion        | 423 M/sec            |  4.72s       |     0 hits
2.01 Trillion        | 422 M/sec            |  4.72s       |     0 hits
2.01 Trillion        | 418 M/sec            |  4.78s       |     0 hits
2.01 Trillion        | 420 M/sec            |  4.75s       |     0 hits
2.02 Trillion        | 421 M/sec            |  4.74s       |     0 hits
2.02 Trillion        | 420 M/sec            |  4.75s       |     0 hits
2.02 Trillion        | 421 M/sec            |  4.74s       |     0 hits
2.02 Trillion        | 415 M/sec            |  4.81s       |     0 hits
2.02 Trillion        | 411 M/sec            |  4.85s       |     0 hits
2.03 Trillion        | 413 M/sec            |  4.84s       |     0 hits
2.03 Trillion        | 412 M/sec            |  4.84s       |     0 hits
2.03 Trillion        | 420 M/sec            |  4.75s       |     0 hits
2.03 Trillion        | 417 M/sec            |  4.78s       |     0 hits
2.03 Trillion        | 415 M/sec            |  4.82s       |     0 hits
2.04 Trillion        | 414 M/sec            |  4.82s       |     0 hits
2.04 Trillion        | 418 M/sec            |  4.77s       |     0 hits
2.04 Trillion        | 418 M/sec            |  4.77s       |     0 hits
2.04 Trillion        | 417 M/sec            |  4.79s       |     0 hits
2.04 Trillion        | 421 M/sec            |  4.74s       |     0 hits
2.05 Trillion        | 415 M/sec            |  4.81s       |     0 hits
2.05 Trillion        | 416 M/sec            |  4.80s       |     0 hits
2.05 Trillion        | 418 M/sec            |  4.77s       |     0 hits
2.05 Trillion        | 420 M/sec            |  4.75s       |     0 hits
2.05 Trillion        | 417 M/sec            |  4.79s       |     0 hits
2.06 Trillion        | 415 M/sec            |  4.81s       |     0 hits
2.06 Trillion        | 416 M/sec            |  4.79s       |     0 hits
2.06 Trillion        | 415 M/sec            |  4.80s       |     0 hits
2.06 Trillion        | 419 M/sec            |  4.77s       |     0 hits
2.06 Trillion        | 420 M/sec            |  4.75s       |     0 hits
2.07 Trillion        | 422 M/sec            |  4.73s       |     0 hits
2.07 Trillion        | 416 M/sec            |  4.79s       |     0 hits
2.07 Trillion        | 416 M/sec            |  4.80s       |     0 hits
2.07 Trillion        | 419 M/sec            |  4.77s       |     0 hits
2.07 Trillion        | 415 M/sec            |  4.81s       |     0 hits
2.08 Trillion        | 412 M/sec            |  4.84s       |     0 hits
2.08 Trillion        | 413 M/sec            |  4.83s       |     0 hits
2.08 Trillion        | 417 M/sec            |  4.78s       |     0 hits
2.08 Trillion        | 423 M/sec            |  4.72s       |     0 hits
2.08 Trillion        | 418 M/sec            |  4.77s       |     0 hits
2.09 Trillion        | 423 M/sec            |  4.72s       |     0 hits
2.09 Trillion        | 422 M/sec            |  4.73s       |     0 hits
2.09 Trillion        | 419 M/sec            |  4.76s       |     0 hits
2.09 Trillion        | 421 M/sec            |  4.74s       |     0 hits
2.09 Trillion        | 422 M/sec            |  4.73s       |     0 hits
2.10 Trillion        | 422 M/sec            |  4.73s       |     0 hits
2.10 Trillion        | 420 M/sec            |  4.75s       |     0 hits
2.10 Trillion        | 420 M/sec            |  4.75s       |     0 hits
2.10 Trillion        | 421 M/sec            |  4.74s       |     0 hits
2.10 Trillion        | 413 M/sec            |  4.83s       |     0 hits
2.11 Trillion        | 414 M/sec            |  4.83s       |     0 hits
2.11 Trillion        | 414 M/sec            |  4.82s       |     0 hits
2.11 Trillion        | 414 M/sec            |  4.83s       |     0 hits
2.11 Trillion        | 413 M/sec            |  4.83s       |     0 hits
2.11 Trillion        | 415 M/sec            |  4.81s       |     0 hits
2.12 Trillion        | 414 M/sec            |  4.82s       |     0 hits
2.12 Trillion        | 421 M/sec            |  4.74s       |     0 hits
2.12 Trillion        | 420 M/sec            |  4.76s       |     0 hits
2.12 Trillion        | 421 M/sec            |  4.74s       |     0 hits
2.12 Trillion        | 417 M/sec            |  4.79s       |     0 hits
2.13 Trillion        | 415 M/sec            |  4.81s       |     0 hits
2.13 Trillion        | 418 M/sec            |  4.77s       |     0 hits
2.13 Trillion        | 419 M/sec            |  4.76s       |     0 hits
2.13 Trillion        | 419 M/sec            |  4.77s       |     0 hits
2.13 Trillion        | 414 M/sec            |  4.82s       |     0 hits
2.14 Trillion        | 411 M/sec            |  4.85s       |     0 hits
2.14 Trillion        | 419 M/sec            |  4.77s       |     0 hits
2.14 Trillion        | 418 M/sec            |  4.78s       |     0 hits
2.14 Trillion        | 423 M/sec            |  4.72s       |     0 hits
2.14 Trillion        | 423 M/sec            |  4.72s       |     0 hits
2.15 Trillion        | 423 M/sec            |  4.72s       |     0 hits
2.15 Trillion        | 423 M/sec            |  4.72s       |     0 hits
2.15 Trillion        | 423 M/sec            |  4.72s       |     0 hits
2.15 Trillion        | 423 M/sec            |  4.72s       |     0 hits
2.15 Trillion        | 423 M/sec            |  4.72s       |     0 hits
2.16 Trillion        | 422 M/sec            |  4.73s       |     0 hits
2.16 Trillion        | 423 M/sec            |  4.72s       |     0 hits
2.16 Trillion        | 423 M/sec            |  4.72s       |     0 hits
2.16 Trillion        | 423 M/sec            |  4.72s       |     0 hits
2.16 Trillion        | 422 M/sec            |  4.73s       |     0 hits
2.17 Trillion        | 423 M/sec            |  4.72s       |     0 hits
2.17 Trillion        | 422 M/sec            |  4.72s       |     0 hits
2.17 Trillion        | 422 M/sec            |  4.73s       |     0 hits
2.17 Trillion        | 423 M/sec            |  4.72s       |     0 hits
2.17 Trillion        | 422 M/sec            |  4.73s       |     0 hits
2.18 Trillion        | 423 M/sec            |  4.72s       |     0 hits
2.18 Trillion        | 422 M/sec            |  4.72s       |     0 hits
2.18 Trillion        | 423 M/sec            |  4.72s       |     0 hits
2.18 Trillion        | 423 M/sec            |  4.72s       |     0 hits
2.18 Trillion        | 423 M/sec            |  4.72s       |     0 hits
2.19 Trillion        | 423 M/sec            |  4.72s       |     0 hits
2.19 Trillion        | 422 M/sec            |  4.73s       |     0 hits
2.19 Trillion        | 423 M/sec            |  4.72s       |     0 hits
2.19 Trillion        | 422 M/sec            |  4.73s       |     0 hits
2.19 Trillion        | 423 M/sec            |  4.72s       |     0 hits
2.20 Trillion        | 423 M/sec            |  4.72s       |     0 hits
2.20 Trillion        | 423 M/sec            |  4.72s       |     0 hits
2.20 Trillion        | 423 M/sec            |  4.72s       |     0 hits
2.20 Trillion        | 423 M/sec            |  4.72s       |     0 hits
2.20 Trillion        | 423 M/sec            |  4.72s       |     0 hits
2.21 Trillion        | 422 M/sec            |  4.73s       |     0 hits
2.21 Trillion        | 423 M/sec            |  4.72s       |     0 hits
2.21 Trillion        | 423 M/sec            |  4.72s       |     0 hits
2.21 Trillion        | 423 M/sec            |  4.72s       |     0 hits
2.21 Trillion        | 422 M/sec            |  4.72s       |     0 hits
2.22 Trillion        | 423 M/sec            |  4.72s       |     0 hits
2.22 Trillion        | 423 M/sec            |  4.72s       |     0 hits
2.22 Trillion        | 423 M/sec            |  4.72s       |     0 hits
2.22 Trillion        | 423 M/sec            |  4.72s       |     0 hits
2.22 Trillion        | 423 M/sec            |  4.72s       |     0 hits
2.23 Trillion        | 423 M/sec            |  4.72s       |     0 hits
2.23 Trillion        | 422 M/sec            |  4.73s       |     0 hits
2.23 Trillion        | 423 M/sec            |  4.72s       |     0 hits
2.23 Trillion        | 422 M/sec            |  4.73s       |     0 hits
2.23 Trillion        | 422 M/sec            |  4.72s       |     0 hits
2.24 Trillion        | 423 M/sec            |  4.72s       |     0 hits
2.24 Trillion        | 422 M/sec            |  4.72s       |     0 hits
2.24 Trillion        | 423 M/sec            |  4.72s       |     0 hits
2.24 Trillion        | 423 M/sec            |  4.72s       |     0 hits
2.24 Trillion        | 423 M/sec            |  4.72s       |     0 hits
2.25 Trillion        | 423 M/sec            |  4.72s       |     0 hits
2.25 Trillion        | 423 M/sec            |  4.72s       |     0 hits
2.25 Trillion        | 423 M/sec            |  4.72s       |     0 hits
2.25 Trillion        | 423 M/sec            |  4.72s       |     0 hits
2.25 Trillion        | 423 M/sec            |  4.72s       |     0 hits
2.26 Trillion        | 423 M/sec            |  4.72s       |     0 hits
2.26 Trillion        | 423 M/sec            |  4.72s       |     0 hits
2.26 Trillion        | 423 M/sec            |  4.72s       |     0 hits
2.26 Trillion        | 423 M/sec            |  4.72s       |     0 hits
2.26 Trillion        | 423 M/sec            |  4.72s       |     0 hits
2.27 Trillion        | 423 M/sec            |  4.72s       |     0 hits
2.27 Trillion        | 422 M/sec            |  4.72s       |     0 hits
2.27 Trillion        | 422 M/sec            |  4.73s       |     0 hits
2.27 Trillion        | 423 M/sec            |  4.72s       |     0 hits
2.27 Trillion        | 423 M/sec            |  4.72s       |     0 hits
2.28 Trillion        | 423 M/sec            |  4.72s       |     0 hits
2.28 Trillion        | 422 M/sec            |  4.73s       |     0 hits
2.28 Trillion        | 422 M/sec            |  4.73s       |     0 hits
2.28 Trillion        | 423 M/sec            |  4.72s       |     0 hits
2.28 Trillion        | 422 M/sec            |  4.73s       |     0 hits
2.29 Trillion        | 423 M/sec            |  4.72s       |     0 hits
2.29 Trillion        | 423 M/sec            |  4.72s       |     0 hits
2.29 Trillion        | 423 M/sec            |  4.72s       |     0 hits
2.29 Trillion        | 423 M/sec            |  4.72s       |     0 hits
2.29 Trillion        | 423 M/sec            |  4.72s       |     0 hits
2.30 Trillion        | 423 M/sec            |  4.72s       |     0 hits
2.30 Trillion        | 423 M/sec            |  4.72s       |     0 hits
2.30 Trillion        | 423 M/sec            |  4.72s       |     0 hits
2.30 Trillion        | 423 M/sec            |  4.72s       |     0 hits
2.30 Trillion        | 423 M/sec            |  4.72s       |     0 hits
2.31 Trillion        | 422 M/sec            |  4.72s       |     0 hits
2.31 Trillion        | 422 M/sec            |  4.73s       |     0 hits
2.31 Trillion        | 423 M/sec            |  4.72s       |     0 hits
2.31 Trillion        | 423 M/sec            |  4.72s       |     0 hits
2.31 Trillion        | 423 M/sec            |  4.72s       |     0 hits
2.32 Trillion        | 423 M/sec            |  4.72s       |     0 hits
2.32 Trillion        | 423 M/sec            |  4.72s       |     0 hits
2.32 Trillion        | 423 M/sec            |  4.72s       |     0 hits
2.32 Trillion        | 423 M/sec            |  4.72s       |     0 hits
2.32 Trillion        | 423 M/sec            |  4.72s       |     0 hits
2.33 Trillion        | 423 M/sec            |  4.72s       |     0 hits
2.33 Trillion        | 422 M/sec            |  4.73s       |     0 hits
2.33 Trillion        | 422 M/sec            |  4.73s       |     0 hits
2.33 Trillion        | 423 M/sec            |  4.72s       |     0 hits
2.33 Trillion        | 422 M/sec            |  4.73s       |     0 hits
2.34 Trillion        | 423 M/sec            |  4.72s       |     0 hits
2.34 Trillion        | 423 M/sec            |  4.72s       |     0 hits
2.34 Trillion        | 422 M/sec            |  4.73s       |     0 hits
2.34 Trillion        | 423 M/sec            |  4.72s       |     0 hits
2.34 Trillion        | 422 M/sec            |  4.73s       |     0 hits
2.35 Trillion        | 423 M/sec            |  4.72s       |     0 hits
2.35 Trillion        | 421 M/sec            |  4.74s       |     0 hits
2.35 Trillion        | 418 M/sec            |  4.77s       |     0 hits
2.35 Trillion        | 422 M/sec            |  4.73s       |     0 hits
2.35 Trillion        | 420 M/sec            |  4.75s       |     0 hits
2.36 Trillion        | 423 M/sec            |  4.72s       |     0 hits
2.36 Trillion        | 423 M/sec            |  4.72s       |     0 hits
2.36 Trillion        | 423 M/sec            |  4.72s       |     0 hits
2.36 Trillion        | 423 M/sec            |  4.72s       |     0 hits
2.36 Trillion        | 423 M/sec            |  4.72s       |     0 hits
2.37 Trillion        | 423 M/sec            |  4.72s       |     0 hits
2.37 Trillion        | 422 M/sec            |  4.73s       |     0 hits
2.37 Trillion        | 423 M/sec            |  4.72s       |     0 hits
2.37 Trillion        | 422 M/sec            |  4.73s       |     0 hits
2.37 Trillion        | 423 M/sec            |  4.72s       |     0 hits
2.38 Trillion        | 422 M/sec            |  4.73s       |     0 hits
2.38 Trillion        | 423 M/sec            |  4.72s       |     0 hits
2.38 Trillion        | 422 M/sec            |  4.73s       |     0 hits
2.38 Trillion        | 423 M/sec            |  4.72s       |     0 hits
2.38 Trillion        | 423 M/sec            |  4.72s       |     0 hits
2.39 Trillion        | 422 M/sec            |  4.73s       |     0 hits
2.39 Trillion        | 423 M/sec            |  4.72s       |     0 hits
2.39 Trillion        | 423 M/sec            |  4.72s       |     0 hits
2.39 Trillion        | 423 M/sec            |  4.72s       |     0 hits
2.39 Trillion        | 423 M/sec            |  4.72s       |     0 hits
2.40 Trillion        | 423 M/sec            |  4.72s       |     0 hits
2.40 Trillion        | 422 M/sec            |  4.73s       |     0 hits
2.40 Trillion        | 423 M/sec            |  4.72s       |     0 hits
2.40 Trillion        | 423 M/sec            |  4.72s       |     0 hits
2.40 Trillion        | 423 M/sec            |  4.72s       |     0 hits
2.41 Trillion        | 423 M/sec            |  4.72s       |     0 hits
2.41 Trillion        | 423 M/sec            |  4.72s       |     0 hits
2.41 Trillion        | 423 M/sec            |  4.72s       |     0 hits
2.41 Trillion        | 423 M/sec            |  4.72s       |     0 hits
2.41 Trillion        | 423 M/sec            |  4.72s       |     0 hits
2.42 Trillion        | 423 M/sec            |  4.72s       |     0 hits
2.42 Trillion        | 423 M/sec            |  4.72s       |     0 hits
2.42 Trillion        | 423 M/sec            |  4.72s       |     0 hits
2.42 Trillion        | 423 M/sec            |  4.72s       |     0 hits
2.42 Trillion        | 423 M/sec            |  4.72s       |     0 hits
2.43 Trillion        | 422 M/sec            |  4.73s       |     0 hits
2.43 Trillion        | 422 M/sec            |  4.73s       |     0 hits
2.43 Trillion        | 423 M/sec            |  4.72s       |     0 hits
2.43 Trillion        | 422 M/sec            |  4.72s       |     0 hits
2.43 Trillion        | 423 M/sec            |  4.72s       |     0 hits
2.44 Trillion        | 423 M/sec            |  4.72s       |     0 hits
2.44 Trillion        | 423 M/sec            |  4.72s       |     0 hits
2.44 Trillion        | 422 M/sec            |  4.73s       |     0 hits
2.44 Trillion        | 422 M/sec            |  4.72s       |     0 hits
2.44 Trillion        | 423 M/sec            |  4.72s       |     0 hits
2.45 Trillion        | 422 M/sec            |  4.73s       |     0 hits
2.45 Trillion        | 423 M/sec            |  4.72s       |     0 hits
2.45 Trillion        | 422 M/sec            |  4.73s       |     0 hits
2.45 Trillion        | 423 M/sec            |  4.72s       |     0 hits
2.45 Trillion        | 423 M/sec            |  4.72s       |     0 hits
2.46 Trillion        | 423 M/sec            |  4.72s       |     0 hits
2.46 Trillion        | 423 M/sec            |  4.72s       |     0 hits
2.46 Trillion        | 422 M/sec            |  4.73s       |     0 hits
2.46 Trillion        | 423 M/sec            |  4.72s       |     0 hits
2.46 Trillion        | 422 M/sec            |  4.73s       |     0 hits
2.47 Trillion        | 423 M/sec            |  4.72s       |     0 hits
2.47 Trillion        | 423 M/sec            |  4.72s       |     0 hits
2.47 Trillion        | 423 M/sec            |  4.72s       |     0 hits
2.47 Trillion        | 423 M/sec            |  4.72s       |     0 hits
2.47 Trillion        | 423 M/sec            |  4.72s       |     0 hits
2.48 Trillion        | 423 M/sec            |  4.72s       |     0 hits
2.48 Trillion        | 423 M/sec            |  4.72s       |     0 hits
2.48 Trillion        | 423 M/sec            |  4.72s       |     0 hits
2.48 Trillion        | 423 M/sec            |  4.72s       |     0 hits
2.48 Trillion        | 422 M/sec            |  4.73s       |     0 hits
2.49 Trillion        | 423 M/sec            |  4.72s       |     0 hits
2.49 Trillion        | 423 M/sec            |  4.72s       |     0 hits
2.49 Trillion        | 423 M/sec            |  4.72s       |     0 hits
2.49 Trillion        | 422 M/sec            |  4.72s       |     0 hits
2.49 Trillion        | 423 M/sec            |  4.72s       |     0 hits
2.50 Trillion        | 423 M/sec            |  4.72s       |     0 hits
2.50 Trillion        | 423 M/sec            |  4.72s       |     0 hits
2.50 Trillion        | 422 M/sec            |  4.73s       |     0 hits
2.50 Trillion        | 422 M/sec            |  4.73s       |     0 hits
2.50 Trillion        | 423 M/sec            |  4.72s       |     0 hits
2.51 Trillion        | 423 M/sec            |  4.72s       |     0 hits
2.51 Trillion        | 422 M/sec            |  4.72s       |     0 hits
2.51 Trillion        | 423 M/sec            |  4.72s       |     0 hits
2.51 Trillion        | 422 M/sec            |  4.73s       |     0 hits
2.51 Trillion        | 422 M/sec            |  4.73s       |     0 hits
2.52 Trillion        | 422 M/sec            |  4.73s       |     0 hits
2.52 Trillion        | 422 M/sec            |  4.73s       |     0 hits
2.52 Trillion        | 422 M/sec            |  4.73s       |     0 hits
2.52 Trillion        | 422 M/sec            |  4.73s       |     0 hits
2.52 Trillion        | 422 M/sec            |  4.73s       |     0 hits
2.53 Trillion        | 422 M/sec            |  4.73s       |     0 hits
2.53 Trillion        | 422 M/sec            |  4.74s       |     0 hits
2.53 Trillion        | 422 M/sec            |  4.73s       |     0 hits
2.53 Trillion        | 422 M/sec            |  4.73s       |     0 hits
2.53 Trillion        | 422 M/sec            |  4.73s       |     0 hits
2.54 Trillion        | 422 M/sec            |  4.73s       |     0 hits
2.54 Trillion        | 422 M/sec            |  4.73s       |     0 hits
2.54 Trillion        | 422 M/sec            |  4.73s       |     0 hits
2.54 Trillion        | 422 M/sec            |  4.73s       |     0 hits
2.54 Trillion        | 422 M/sec            |  4.73s       |     0 hits
2.54 Trillion        | 422 M/sec            |  4.73s       |     0 hits
2.55 Trillion        | 422 M/sec            |  4.73s       |     0 hits
2.55 Trillion        | 422 M/sec            |  4.73s       |     0 hits
2.55 Trillion        | 422 M/sec            |  4.73s       |     0 hits
2.55 Trillion        | 422 M/sec            |  4.73s       |     0 hits
2.55 Trillion        | 422 M/sec            |  4.73s       |     0 hits
2.56 Trillion        | 422 M/sec            |  4.72s       |     0 hits
2.56 Trillion        | 422 M/sec            |  4.73s       |     0 hits
2.56 Trillion        | 421 M/sec            |  4.74s       |     0 hits
2.56 Trillion        | 422 M/sec            |  4.73s       |     0 hits
2.56 Trillion        | 422 M/sec            |  4.73s       |     0 hits
2.57 Trillion        | 422 M/sec            |  4.73s       |     0 hits
2.57 Trillion        | 422 M/sec            |  4.73s       |     0 hits
2.57 Trillion        | 422 M/sec            |  4.73s       |     0 hits
2.57 Trillion        | 422 M/sec            |  4.73s       |     0 hits
2.57 Trillion        | 422 M/sec            |  4.73s       |     0 hits
2.58 Trillion        | 422 M/sec            |  4.73s       |     0 hits
2.58 Trillion        | 422 M/sec            |  4.73s       |     0 hits
2.58 Trillion        | 422 M/sec            |  4.73s       |     0 hits
2.58 Trillion        | 422 M/sec            |  4.73s       |     0 hits
2.58 Trillion        | 422 M/sec            |  4.73s       |     0 hits
2.59 Trillion        | 422 M/sec            |  4.73s       |     0 hits
2.59 Trillion        | 422 M/sec            |  4.73s       |     0 hits
2.59 Trillion        | 422 M/sec            |  4.73s       |     0 hits
2.59 Trillion        | 422 M/sec            |  4.73s       |     0 hits
2.59 Trillion        | 422 M/sec            |  4.73s       |     0 hits
2.60 Trillion        | 422 M/sec            |  4.73s       |     0 hits
2.60 Trillion        | 422 M/sec            |  4.73s       |     0 hits
2.60 Trillion        | 422 M/sec            |  4.73s       |     0 hits
2.60 Trillion        | 421 M/sec            |  4.74s       |     0 hits
2.60 Trillion        | 422 M/sec            |  4.73s       |     0 hits
2.61 Trillion        | 422 M/sec            |  4.73s       |     0 hits
2.61 Trillion        | 422 M/sec            |  4.72s       |     0 hits
2.61 Trillion        | 422 M/sec            |  4.73s       |     0 hits
2.61 Trillion        | 422 M/sec            |  4.73s       |     0 hits
2.61 Trillion        | 422 M/sec            |  4.73s       |     0 hits
2.62 Trillion        | 422 M/sec            |  4.73s       |     0 hits
2.62 Trillion        | 422 M/sec            |  4.73s       |     0 hits
2.62 Trillion        | 422 M/sec            |  4.73s       |     0 hits
2.62 Trillion        | 422 M/sec            |  4.73s       |     0 hits
2.62 Trillion        | 422 M/sec            |  4.73s       |     0 hits
2.63 Trillion        | 422 M/sec            |  4.73s       |     0 hits
2.63 Trillion        | 422 M/sec            |  4.73s       |     0 hits
2.63 Trillion        | 422 M/sec            |  4.73s       |     0 hits
2.63 Trillion        | 422 M/sec            |  4.73s       |     0 hits
2.63 Trillion        | 422 M/sec            |  4.73s       |     0 hits
2.64 Trillion        | 422 M/sec            |  4.73s       |     0 hits
2.64 Trillion        | 417 M/sec            |  4.78s       |     0 hits
2.64 Trillion        | 422 M/sec            |  4.73s       |     0 hits
2.64 Trillion        | 420 M/sec            |  4.76s       |     0 hits
2.64 Trillion        | 423 M/sec            |  4.72s       |     0 hits
2.65 Trillion        | 422 M/sec            |  4.73s       |     0 hits
2.65 Trillion        | 422 M/sec            |  4.73s       |     0 hits
2.65 Trillion        | 423 M/sec            |  4.72s       |     0 hits
2.65 Trillion        | 422 M/sec            |  4.73s       |     0 hits
2.65 Trillion        | 422 M/sec            |  4.73s       |     0 hits
2.66 Trillion        | 422 M/sec            |  4.73s       |     0 hits
2.66 Trillion        | 422 M/sec            |  4.73s       |     0 hits
2.66 Trillion        | 422 M/sec            |  4.73s       |     0 hits
2.66 Trillion        | 422 M/sec            |  4.73s       |     0 hits
2.66 Trillion        | 422 M/sec            |  4.73s       |     0 hits
2.67 Trillion        | 422 M/sec            |  4.73s       |     0 hits
2.67 Trillion        | 422 M/sec            |  4.73s       |     0 hits
2.67 Trillion        | 421 M/sec            |  4.74s       |     0 hits
2.67 Trillion        | 421 M/sec            |  4.75s       |     0 hits
2.67 Trillion        | 421 M/sec            |  4.74s       |     0 hits
2.68 Trillion        | 422 M/sec            |  4.73s       |     0 hits
2.68 Trillion        | 422 M/sec            |  4.73s       |     0 hits
2.68 Trillion        | 422 M/sec            |  4.73s       |     0 hits
2.68 Trillion        | 422 M/sec            |  4.72s       |     0 hits
2.68 Trillion        | 422 M/sec            |  4.73s       |     0 hits
2.69 Trillion        | 422 M/sec            |  4.73s       |     0 hits
2.69 Trillion        | 422 M/sec            |  4.73s       |     0 hits
2.69 Trillion        | 422 M/sec            |  4.73s       |     0 hits
2.69 Trillion        | 422 M/sec            |  4.73s       |     0 hits
2.69 Trillion        | 422 M/sec            |  4.73s       |     0 hits
2.70 Trillion        | 422 M/sec            |  4.72s       |     0 hits
2.70 Trillion        | 422 M/sec            |  4.73s       |     0 hits
2.70 Trillion        | 422 M/sec            |  4.73s       |     0 hits
2.70 Trillion        | 422 M/sec            |  4.73s       |     0 hits
2.70 Trillion        | 422 M/sec            |  4.73s       |     0 hits
2.71 Trillion        | 422 M/sec            |  4.73s       |     0 hits
2.71 Trillion        | 422 M/sec            |  4.73s       |     0 hits
2.71 Trillion        | 423 M/sec            |  4.72s       |     0 hits
2.71 Trillion        | 422 M/sec            |  4.73s       |     0 hits
2.71 Trillion        | 423 M/sec            |  4.72s       |     0 hits
2.72 Trillion        | 422 M/sec            |  4.73s       |     0 hits
2.72 Trillion        | 422 M/sec            |  4.72s       |     0 hits
2.72 Trillion        | 422 M/sec            |  4.73s       |     0 hits
2.72 Trillion        | 422 M/sec            |  4.73s       |     0 hits
2.72 Trillion        | 422 M/sec            |  4.72s       |     0 hits
2.73 Trillion        | 422 M/sec            |  4.73s       |     0 hits
2.73 Trillion        | 422 M/sec            |  4.73s       |     0 hits
2.73 Trillion        | 422 M/sec            |  4.73s       |     0 hits
2.73 Trillion        | 422 M/sec            |  4.73s       |     0 hits
2.73 Trillion        | 422 M/sec            |  4.73s       |     0 hits
2.74 Trillion        | 422 M/sec            |  4.73s       |     0 hits
2.74 Trillion        | 423 M/sec            |  4.72s       |     0 hits
2.74 Trillion        | 422 M/sec            |  4.73s       |     0 hits
2.74 Trillion        | 422 M/sec            |  4.73s       |     0 hits
2.74 Trillion        | 422 M/sec            |  4.73s       |     0 hits
2.75 Trillion        | 422 M/sec            |  4.73s       |     0 hits
2.75 Trillion        | 422 M/sec            |  4.73s       |     0 hits
2.75 Trillion        | 422 M/sec            |  4.73s       |     0 hits
2.75 Trillion        | 422 M/sec            |  4.73s       |     0 hits
2.75 Trillion        | 422 M/sec            |  4.73s       |     0 hits
2.76 Trillion        | 422 M/sec            |  4.73s       |     0 hits
2.76 Trillion        | 422 M/sec            |  4.73s       |     0 hits
2.76 Trillion        | 422 M/sec            |  4.73s       |     0 hits
2.76 Trillion        | 422 M/sec            |  4.73s       |     0 hits
2.76 Trillion        | 422 M/sec            |  4.73s       |     0 hits
2.77 Trillion        | 422 M/sec            |  4.73s       |     0 hits
2.77 Trillion        | 422 M/sec            |  4.73s       |     0 hits
2.77 Trillion        | 422 M/sec            |  4.73s       |     0 hits
2.77 Trillion        | 422 M/sec            |  4.73s       |     0 hits
2.77 Trillion        | 422 M/sec            |  4.73s       |     0 hits
2.78 Trillion        | 422 M/sec            |  4.73s       |     0 hits
2.78 Trillion        | 422 M/sec            |  4.73s       |     0 hits
2.78 Trillion        | 423 M/sec            |  4.72s       |     0 hits
2.78 Trillion        | 422 M/sec            |  4.73s       |     0 hits
2.78 Trillion        | 422 M/sec            |  4.73s       |     0 hits
2.79 Trillion        | 422 M/sec            |  4.73s       |     0 hits
2.79 Trillion        | 423 M/sec            |  4.72s       |     0 hits
2.79 Trillion        | 422 M/sec            |  4.72s       |     0 hits
2.79 Trillion        | 422 M/sec            |  4.73s       |     0 hits
2.79 Trillion        | 422 M/sec            |  4.73s       |     0 hits
2.80 Trillion        | 422 M/sec            |  4.73s       |     0 hits
2.80 Trillion        | 423 M/sec            |  4.72s       |     0 hits
2.80 Trillion        | 422 M/sec            |  4.73s       |     0 hits
2.80 Trillion        | 423 M/sec            |  4.72s       |     0 hits
2.80 Trillion        | 423 M/sec            |  4.72s       |     0 hits
2.81 Trillion        | 423 M/sec            |  4.72s       |     0 hits
2.81 Trillion        | 422 M/sec            |  4.73s       |     0 hits
2.81 Trillion        | 422 M/sec            |  4.73s       |     0 hits
2.81 Trillion        | 423 M/sec            |  4.72s       |     0 hits
2.81 Trillion        | 422 M/sec            |  4.73s       |     0 hits
2.82 Trillion        | 423 M/sec            |  4.72s       |     0 hits
2.82 Trillion        | 422 M/sec            |  4.73s       |     0 hits
2.82 Trillion        | 423 M/sec            |  4.72s       |     0 hits
2.82 Trillion        | 422 M/sec            |  4.73s       |     0 hits
2.82 Trillion        | 423 M/sec            |  4.72s       |     0 hits
2.83 Trillion        | 422 M/sec            |  4.73s       |     0 hits
2.83 Trillion        | 422 M/sec            |  4.73s       |     0 hits
2.83 Trillion        | 422 M/sec            |  4.73s       |     0 hits
2.83 Trillion        | 422 M/sec            |  4.73s       |     0 hits
2.83 Trillion        | 422 M/sec            |  4.73s       |     0 hits
2.84 Trillion        | 422 M/sec            |  4.73s       |     0 hits
2.84 Trillion        | 422 M/sec            |  4.73s       |     0 hits
2.84 Trillion        | 423 M/sec            |  4.72s       |     0 hits
2.84 Trillion        | 422 M/sec            |  4.73s       |     0 hits
2.84 Trillion        | 422 M/sec            |  4.73s       |     0 hits
2.85 Trillion        | 422 M/sec            |  4.73s       |     0 hits
2.85 Trillion        | 423 M/sec            |  4.72s       |     0 hits
2.85 Trillion        | 422 M/sec            |  4.73s       |     0 hits
2.85 Trillion        | 422 M/sec            |  4.73s       |     0 hits
2.85 Trillion        | 422 M/sec            |  4.72s       |     0 hits
2.86 Trillion        | 422 M/sec            |  4.73s       |     0 hits
2.86 Trillion        | 422 M/sec            |  4.73s       |     0 hits
2.86 Trillion        | 422 M/sec            |  4.73s       |     0 hits
2.86 Trillion        | 423 M/sec            |  4.72s       |     0 hits
2.86 Trillion        | 422 M/sec            |  4.73s       |     0 hits
2.87 Trillion        | 423 M/sec            |  4.72s       |     0 hits
2.87 Trillion        | 422 M/sec            |  4.73s       |     0 hits
2.87 Trillion        | 422 M/sec            |  4.73s       |     0 hits
2.87 Trillion        | 423 M/sec            |  4.72s       |     0 hits
2.87 Trillion        | 422 M/sec            |  4.73s       |     0 hits
2.88 Trillion        | 423 M/sec            |  4.72s       |     0 hits
2.88 Trillion        | 422 M/sec            |  4.73s       |     0 hits
2.88 Trillion        | 423 M/sec            |  4.72s       |     0 hits
2.88 Trillion        | 422 M/sec            |  4.73s       |     0 hits
2.88 Trillion        | 422 M/sec            |  4.73s       |     0 hits
2.89 Trillion        | 422 M/sec            |  4.73s       |     0 hits
2.89 Trillion        | 422 M/sec            |  4.73s       |     0 hits
2.89 Trillion        | 422 M/sec            |  4.73s       |     0 hits
2.89 Trillion        | 422 M/sec            |  4.73s       |     0 hits
2.89 Trillion        | 422 M/sec            |  4.73s       |     0 hits
2.90 Trillion        | 422 M/sec            |  4.73s       |     0 hits
2.90 Trillion        | 422 M/sec            |  4.73s       |     0 hits
2.90 Trillion        | 422 M/sec            |  4.73s       |     0 hits
2.90 Trillion        | 422 M/sec            |  4.73s       |     0 hits
2.90 Trillion        | 422 M/sec            |  4.72s       |     0 hits
2.91 Trillion        | 422 M/sec            |  4.73s       |     0 hits
2.91 Trillion        | 422 M/sec            |  4.73s       |     0 hits
2.91 Trillion        | 422 M/sec            |  4.73s       |     0 hits
2.91 Trillion        | 422 M/sec            |  4.73s       |     0 hits
2.91 Trillion        | 422 M/sec            |  4.73s       |     0 hits
2.92 Trillion        | 422 M/sec            |  4.73s       |     0 hits
2.92 Trillion        | 422 M/sec            |  4.73s       |     0 hits
2.92 Trillion        | 422 M/sec            |  4.73s       |     0 hits
2.92 Trillion        | 422 M/sec            |  4.72s       |     0 hits
2.92 Trillion        | 422 M/sec            |  4.73s       |     0 hits
2.93 Trillion        | 421 M/sec            |  4.74s       |     0 hits
2.93 Trillion        | 418 M/sec            |  4.78s       |     0 hits
2.93 Trillion        | 422 M/sec            |  4.73s       |     0 hits
2.93 Trillion        | 420 M/sec            |  4.75s       |     0 hits
2.93 Trillion        | 423 M/sec            |  4.72s       |     0 hits
2.94 Trillion        | 423 M/sec            |  4.72s       |     0 hits
2.94 Trillion        | 423 M/sec            |  4.72s       |     0 hits
2.94 Trillion        | 423 M/sec            |  4.72s       |     0 hits
2.94 Trillion        | 423 M/sec            |  4.72s       |     0 hits
2.94 Trillion        | 423 M/sec            |  4.72s       |     0 hits
2.95 Trillion        | 423 M/sec            |  4.72s       |     0 hits
2.95 Trillion        | 422 M/sec            |  4.73s       |     0 hits
2.95 Trillion        | 423 M/sec            |  4.72s       |     0 hits
2.95 Trillion        | 423 M/sec            |  4.72s       |     0 hits
2.95 Trillion        | 423 M/sec            |  4.72s       |     0 hits
2.96 Trillion        | 423 M/sec            |  4.72s       |     0 hits
2.96 Trillion        | 423 M/sec            |  4.72s       |     0 hits
2.96 Trillion        | 423 M/sec            |  4.72s       |     0 hits
2.96 Trillion        | 421 M/sec            |  4.74s       |     0 hits
2.96 Trillion        | 423 M/sec            |  4.72s       |     0 hits
2.97 Trillion        | 423 M/sec            |  4.72s       |     0 hits
2.97 Trillion        | 423 M/sec            |  4.72s       |     0 hits
2.97 Trillion        | 423 M/sec            |  4.72s       |     0 hits
2.97 Trillion        | 423 M/sec            |  4.72s       |     0 hits
2.97 Trillion        | 423 M/sec            |  4.72s       |     0 hits
2.98 Trillion        | 423 M/sec            |  4.72s       |     0 hits
2.98 Trillion        | 423 M/sec            |  4.72s       |     0 hits
2.98 Trillion        | 423 M/sec            |  4.72s       |     0 hits
2.98 Trillion        | 423 M/sec            |  4.72s       |     0 hits
2.98 Trillion        | 423 M/sec            |  4.72s       |     0 hits
2.99 Trillion        | 423 M/sec            |  4.72s       |     0 hits
2.99 Trillion        | 423 M/sec            |  4.72s       |     0 hits
2.99 Trillion        | 423 M/sec            |  4.72s       |     0 hits
2.99 Trillion        | 423 M/sec            |  4.72s       |     0 hits
2.99 Trillion        | 423 M/sec            |  4.72s       |     0 hits
3.00 Trillion        | 423 M/sec            |  4.72s       |     0 hits
3.00 Trillion        | 422 M/sec            |  4.73s       |     0 hits
3.00 Trillion        | 423 M/sec            |  4.72s       |     0 hits
3.00 Trillion        | 422 M/sec            |  4.73s       |     0 hits
3.00 Trillion        | 423 M/sec            |  4.72s       |     0 hits
3.01 Trillion        | 423 M/sec            |  4.72s       |     0 hits
3.01 Trillion        | 422 M/sec            |  4.73s       |     0 hits
3.01 Trillion        | 423 M/sec            |  4.72s       |     0 hits
3.01 Trillion        | 422 M/sec            |  4.73s       |     0 hits
3.01 Trillion        | 423 M/sec            |  4.72s       |     0 hits
3.02 Trillion        | 422 M/sec            |  4.73s       |     0 hits
3.02 Trillion        | 422 M/sec            |  4.73s       |     0 hits
3.02 Trillion        | 423 M/sec            |  4.72s       |     0 hits
3.02 Trillion        | 422 M/sec            |  4.73s       |     0 hits
3.02 Trillion        | 423 M/sec            |  4.72s       |     0 hits
3.03 Trillion        | 422 M/sec            |  4.72s       |     0 hits
3.03 Trillion        | 423 M/sec            |  4.72s       |     0 hits
3.03 Trillion        | 423 M/sec            |  4.72s       |     0 hits
3.03 Trillion        | 423 M/sec            |  4.72s       |     0 hits
3.03 Trillion        | 423 M/sec            |  4.72s       |     0 hits
3.04 Trillion        | 423 M/sec            |  4.72s       |     0 hits
3.04 Trillion        | 423 M/sec            |  4.72s       |     0 hits
3.04 Trillion        | 422 M/sec            |  4.72s       |     0 hits
3.04 Trillion        | 423 M/sec            |  4.72s       |     0 hits
3.04 Trillion        | 422 M/sec            |  4.72s       |     0 hits
3.05 Trillion        | 423 M/sec            |  4.72s       |     0 hits
3.05 Trillion        | 423 M/sec            |  4.72s       |     0 hits
3.05 Trillion        | 423 M/sec            |  4.72s       |     0 hits
3.05 Trillion        | 423 M/sec            |  4.72s       |     0 hits
3.05 Trillion        | 423 M/sec            |  4.72s       |     0 hits
3.06 Trillion        | 423 M/sec            |  4.72s       |     0 hits
3.06 Trillion        | 423 M/sec            |  4.72s       |     0 hits
3.06 Trillion        | 422 M/sec            |  4.72s       |     0 hits
3.06 Trillion        | 422 M/sec            |  4.73s       |     0 hits
3.06 Trillion        | 423 M/sec            |  4.72s       |     0 hits
3.07 Trillion        | 423 M/sec            |  4.72s       |     0 hits
3.07 Trillion        | 422 M/sec            |  4.72s       |     0 hits
3.07 Trillion        | 423 M/sec            |  4.72s       |     0 hits
3.07 Trillion        | 423 M/sec            |  4.72s       |     0 hits
3.07 Trillion        | 423 M/sec            |  4.72s       |     0 hits
3.08 Trillion        | 423 M/sec            |  4.72s       |     0 hits
3.08 Trillion        | 423 M/sec            |  4.72s       |     0 hits
3.08 Trillion        | 423 M/sec            |  4.72s       |     0 hits
3.08 Trillion        | 423 M/sec            |  4.72s       |     0 hits
3.08 Trillion        | 423 M/sec            |  4.72s       |     0 hits
3.09 Trillion        | 423 M/sec            |  4.72s       |     0 hits
3.09 Trillion        | 423 M/sec            |  4.72s       |     0 hits
3.09 Trillion        | 422 M/sec            |  4.73s       |     0 hits
3.09 Trillion        | 423 M/sec            |  4.72s       |     0 hits
3.09 Trillion        | 423 M/sec            |  4.72s       |     0 hits
3.10 Trillion        | 423 M/sec            |  4.72s       |     0 hits
3.10 Trillion        | 423 M/sec            |  4.72s       |     0 hits
3.10 Trillion        | 422 M/sec            |  4.73s       |     0 hits
3.10 Trillion        | 423 M/sec            |  4.72s       |     0 hits
3.10 Trillion        | 422 M/sec            |  4.73s       |     0 hits
3.11 Trillion        | 423 M/sec            |  4.72s       |     0 hits
3.11 Trillion        | 423 M/sec            |  4.72s       |     0 hits
3.11 Trillion        | 422 M/sec            |  4.73s       |     0 hits
3.11 Trillion        | 423 M/sec            |  4.72s       |     0 hits
3.11 Trillion        | 422 M/sec            |  4.73s       |     0 hits
3.12 Trillion        | 423 M/sec            |  4.72s       |     0 hits
3.12 Trillion        | 422 M/sec            |  4.73s       |     0 hits
3.12 Trillion        | 423 M/sec            |  4.72s       |     0 hits
3.12 Trillion        | 422 M/sec            |  4.73s       |     0 hits
3.12 Trillion        | 423 M/sec            |  4.72s       |     0 hits
3.13 Trillion        | 422 M/sec            |  4.72s       |     0 hits
3.13 Trillion        | 422 M/sec            |  4.73s       |     0 hits
3.13 Trillion        | 423 M/sec            |  4.72s       |     0 hits
3.13 Trillion        | 422 M/sec            |  4.73s       |     0 hits
3.13 Trillion        | 423 M/sec            |  4.72s       |     0 hits
3.14 Trillion        | 423 M/sec            |  4.72s       |     0 hits
3.14 Trillion        | 422 M/sec            |  4.73s       |     0 hits
3.14 Trillion        | 423 M/sec            |  4.72s       |     0 hits
3.14 Trillion        | 423 M/sec            |  4.72s       |     0 hits
3.14 Trillion        | 423 M/sec            |  4.72s       |     0 hits
3.15 Trillion        | 422 M/sec            |  4.73s       |     0 hits
3.15 Trillion        | 423 M/sec            |  4.72s       |     0 hits
3.15 Trillion        | 423 M/sec            |  4.72s       |     0 hits
3.15 Trillion        | 422 M/sec            |  4.73s       |     0 hits
3.15 Trillion        | 423 M/sec            |  4.72s       |     0 hits
3.16 Trillion        | 422 M/sec            |  4.73s       |     0 hits
3.16 Trillion        | 423 M/sec            |  4.72s       |     0 hits
3.16 Trillion        | 422 M/sec            |  4.72s       |     0 hits
3.16 Trillion        | 423 M/sec            |  4.72s       |     0 hits
3.16 Trillion        | 422 M/sec            |  4.73s       |     0 hits
3.17 Trillion        | 423 M/sec            |  4.72s       |     0 hits
3.17 Trillion        | 423 M/sec            |  4.72s       |     0 hits
3.17 Trillion        | 423 M/sec            |  4.72s       |     0 hits
3.17 Trillion        | 423 M/sec            |  4.72s       |     0 hits
3.17 Trillion        | 423 M/sec            |  4.72s       |     0 hits
3.18 Trillion        | 423 M/sec            |  4.72s       |     0 hits
3.18 Trillion        | 422 M/sec            |  4.73s       |     0 hits
3.18 Trillion        | 423 M/sec            |  4.72s       |     0 hits
3.18 Trillion        | 423 M/sec            |  4.72s       |     0 hits
3.18 Trillion        | 423 M/sec            |  4.72s       |     0 hits
3.19 Trillion        | 423 M/sec            |  4.72s       |     0 hits
3.19 Trillion        | 422 M/sec            |  4.73s       |     0 hits
3.19 Trillion        | 423 M/sec            |  4.72s       |     0 hits
3.19 Trillion        | 422 M/sec            |  4.72s       |     0 hits
3.19 Trillion        | 423 M/sec            |  4.72s       |     0 hits
3.20 Trillion        | 423 M/sec            |  4.72s       |     0 hits
3.20 Trillion        | 422 M/sec            |  4.73s       |     0 hits
3.20 Trillion        | 423 M/sec            |  4.72s       |     0 hits
3.20 Trillion        | 423 M/sec            |  4.72s       |     0 hits
3.20 Trillion        | 423 M/sec            |  4.72s       |     0 hits
3.21 Trillion        | 422 M/sec            |  4.73s       |     0 hits
3.21 Trillion        | 423 M/sec            |  4.72s       |     0 hits
3.21 Trillion        | 423 M/sec            |  4.72s       |     0 hits
3.21 Trillion        | 422 M/sec            |  4.73s       |     0 hits
3.21 Trillion        | 423 M/sec            |  4.72s       |     0 hits
3.22 Trillion        | 422 M/sec            |  4.73s       |     0 hits
3.22 Trillion        | 423 M/sec            |  4.72s       |     0 hits
3.22 Trillion        | 420 M/sec            |  4.76s       |     0 hits
3.22 Trillion        | 420 M/sec            |  4.75s       |     0 hits
3.22 Trillion        | 422 M/sec            |  4.73s       |     0 hits
3.23 Trillion        | 421 M/sec            |  4.74s       |     0 hits
3.23 Trillion        | 423 M/sec            |  4.72s       |     0 hits
3.23 Trillion        | 423 M/sec            |  4.72s       |     0 hits
3.23 Trillion        | 423 M/sec            |  4.72s       |     0 hits
3.23 Trillion        | 422 M/sec            |  4.73s       |     0 hits
3.24 Trillion        | 423 M/sec            |  4.72s       |     0 hits
3.24 Trillion        | 423 M/sec            |  4.72s       |     0 hits
3.24 Trillion        | 423 M/sec            |  4.72s       |     0 hits
3.24 Trillion        | 423 M/sec            |  4.72s       |     0 hits
3.24 Trillion        | 423 M/sec            |  4.72s       |     0 hits
3.25 Trillion        | 423 M/sec            |  4.72s       |     0 hits
3.25 Trillion        | 423 M/sec            |  4.72s       |     0 hits
3.25 Trillion        | 423 M/sec            |  4.72s       |     0 hits
3.25 Trillion        | 423 M/sec            |  4.72s       |     0 hits
3.25 Trillion        | 423 M/sec            |  4.72s       |     0 hits
3.26 Trillion        | 423 M/sec            |  4.72s       |     0 hits
3.26 Trillion        | 423 M/sec            |  4.72s       |     0 hits
3.26 Trillion        | 423 M/sec            |  4.72s       |     0 hits
3.26 Trillion        | 423 M/sec            |  4.72s       |     0 hits
3.26 Trillion        | 423 M/sec            |  4.71s       |     0 hits
3.27 Trillion        | 423 M/sec            |  4.72s       |     0 hits
3.27 Trillion        | 423 M/sec            |  4.72s       |     0 hits
3.27 Trillion        | 423 M/sec            |  4.72s       |     0 hits
3.27 Trillion        | 423 M/sec            |  4.72s       |     0 hits
3.27 Trillion        | 423 M/sec            |  4.72s       |     0 hits
3.28 Trillion        | 423 M/sec            |  4.72s       |     0 hits
3.28 Trillion        | 423 M/sec            |  4.72s       |     0 hits
3.28 Trillion        | 423 M/sec            |  4.72s       |     0 hits
3.28 Trillion        | 423 M/sec            |  4.72s       |     0 hits
3.28 Trillion        | 423 M/sec            |  4.72s       |     0 hits
3.29 Trillion        | 423 M/sec            |  4.72s       |     0 hits
3.29 Trillion        | 423 M/sec            |  4.72s       |     0 hits
3.29 Trillion        | 422 M/sec            |  4.73s       |     0 hits
3.29 Trillion        | 423 M/sec            |  4.72s       |     0 hits
3.29 Trillion        | 423 M/sec            |  4.72s       |     0 hits
3.30 Trillion        | 423 M/sec            |  4.72s       |     0 hits
3.30 Trillion        | 423 M/sec            |  4.72s       |     0 hits
3.30 Trillion        | 423 M/sec            |  4.72s       |     0 hits
3.30 Trillion        | 423 M/sec            |  4.72s       |     0 hits
3.30 Trillion        | 423 M/sec            |  4.72s       |     0 hits
3.31 Trillion        | 423 M/sec            |  4.72s       |     0 hits
3.31 Trillion        | 423 M/sec            |  4.72s       |     0 hits
3.31 Trillion        | 423 M/sec            |  4.72s       |     0 hits
3.31 Trillion        | 423 M/sec            |  4.72s       |     0 hits
3.31 Trillion        | 423 M/sec            |  4.72s       |     0 hits
3.32 Trillion        | 423 M/sec            |  4.72s       |     0 hits
3.32 Trillion        | 423 M/sec            |  4.72s       |     0 hits
3.32 Trillion        | 423 M/sec            |  4.72s       |     0 hits
3.32 Trillion        | 423 M/sec            |  4.72s       |     0 hits
3.32 Trillion        | 423 M/sec            |  4.71s       |     0 hits
3.33 Trillion        | 423 M/sec            |  4.72s       |     0 hits
3.33 Trillion        | 423 M/sec            |  4.72s       |     0 hits
3.33 Trillion        | 423 M/sec            |  4.72s       |     0 hits
3.33 Trillion        | 423 M/sec            |  4.72s       |     0 hits
3.33 Trillion        | 423 M/sec            |  4.72s       |     0 hits
3.34 Trillion        | 423 M/sec            |  4.72s       |     0 hits
3.34 Trillion        | 423 M/sec            |  4.72s       |     0 hits
3.34 Trillion        | 423 M/sec            |  4.72s       |     0 hits
3.34 Trillion        | 423 M/sec            |  4.72s       |     0 hits
3.34 Trillion        | 423 M/sec            |  4.72s       |     0 hits
3.35 Trillion        | 423 M/sec            |  4.72s       |     0 hits
3.35 Trillion        | 423 M/sec            |  4.72s       |     0 hits
3.35 Trillion        | 423 M/sec            |  4.72s       |     0 hits
3.35 Trillion        | 423 M/sec            |  4.71s       |     0 hits
3.35 Trillion        | 423 M/sec            |  4.72s       |     0 hits
3.36 Trillion        | 423 M/sec            |  4.72s       |     0 hits
3.36 Trillion        | 423 M/sec            |  4.72s       |     0 hits
3.36 Trillion        | 424 M/sec            |  4.71s       |     0 hits
3.36 Trillion        | 422 M/sec            |  4.73s       |     0 hits
3.36 Trillion        | 423 M/sec            |  4.72s       |     0 hits
3.37 Trillion        | 424 M/sec            |  4.71s       |     0 hits
3.37 Trillion        | 423 M/sec            |  4.71s       |     0 hits
3.37 Trillion        | 423 M/sec            |  4.72s       |     0 hits
3.37 Trillion        | 422 M/sec            |  4.72s       |     0 hits
3.37 Trillion        | 423 M/sec            |  4.72s       |     0 hits
3.38 Trillion        | 421 M/sec            |  4.74s       |     0 hits
3.38 Trillion        | 417 M/sec            |  4.79s       |     0 hits
3.38 Trillion        | 418 M/sec            |  4.77s       |     0 hits
3.38 Trillion        | 416 M/sec            |  4.80s       |     0 hits
3.38 Trillion        | 411 M/sec            |  4.85s       |     0 hits
3.39 Trillion        | 411 M/sec            |  4.85s       |     0 hits
3.39 Trillion        | 417 M/sec            |  4.79s       |     0 hits
3.39 Trillion        | 419 M/sec            |  4.77s       |     0 hits
3.39 Trillion        | 418 M/sec            |  4.78s       |     0 hits
3.39 Trillion        | 408 M/sec            |  4.89s       |     0 hits
3.40 Trillion        | 422 M/sec            |  4.73s       |     0 hits
3.40 Trillion        | 422 M/sec            |  4.73s       |     0 hits
3.40 Trillion        | 414 M/sec            |  4.82s       |     0 hits
3.40 Trillion        | 413 M/sec            |  4.84s       |     0 hits
3.40 Trillion        | 408 M/sec            |  4.89s       |     0 hits
3.41 Trillion        | 409 M/sec            |  4.88s       |     0 hits
3.41 Trillion        | 412 M/sec            |  4.84s       |     0 hits
3.41 Trillion        | 413 M/sec            |  4.83s       |     0 hits
3.41 Trillion        | 413 M/sec            |  4.83s       |     0 hits
3.41 Trillion        | 407 M/sec            |  4.91s       |     0 hits
3.42 Trillion        | 413 M/sec            |  4.84s       |     0 hits
3.42 Trillion        | 419 M/sec            |  4.76s       |     0 hits
3.42 Trillion        | 422 M/sec            |  4.73s       |     0 hits
3.42 Trillion        | 420 M/sec            |  4.76s       |     0 hits
3.42 Trillion        | 418 M/sec            |  4.77s       |     0 hits
3.43 Trillion        | 415 M/sec            |  4.81s       |     0 hits
3.43 Trillion        | 423 M/sec            |  4.72s       |     0 hits
3.43 Trillion        | 423 M/sec            |  4.72s       |     0 hits
3.43 Trillion        | 423 M/sec            |  4.72s       |     0 hits
3.43 Trillion        | 423 M/sec            |  4.72s       |     0 hits
3.44 Trillion        | 423 M/sec            |  4.71s       |     0 hits
3.44 Trillion        | 423 M/sec            |  4.72s       |     0 hits
3.44 Trillion        | 423 M/sec            |  4.72s       |     0 hits
3.44 Trillion        | 423 M/sec            |  4.72s       |     0 hits
3.44 Trillion        | 422 M/sec            |  4.73s       |     0 hits
3.45 Trillion        | 416 M/sec            |  4.80s       |     0 hits
3.45 Trillion        | 412 M/sec            |  4.85s       |     0 hits
3.45 Trillion        | 415 M/sec            |  4.81s       |     0 hits
3.45 Trillion        | 414 M/sec            |  4.82s       |     0 hits
3.45 Trillion        | 423 M/sec            |  4.72s       |     0 hits
3.46 Trillion        | 419 M/sec            |  4.76s       |     0 hits
3.46 Trillion        | 412 M/sec            |  4.84s       |     0 hits
3.46 Trillion        | 421 M/sec            |  4.75s       |     0 hits
3.46 Trillion        | 416 M/sec            |  4.80s       |     0 hits
3.46 Trillion        | 415 M/sec            |  4.81s       |     0 hits
3.47 Trillion        | 420 M/sec            |  4.75s       |     0 hits
3.47 Trillion        | 423 M/sec            |  4.71s       |     0 hits
3.47 Trillion        | 423 M/sec            |  4.72s       |     0 hits
3.47 Trillion        | 422 M/sec            |  4.73s       |     0 hits
3.47 Trillion        | 422 M/sec            |  4.73s       |     0 hits
3.48 Trillion        | 414 M/sec            |  4.82s       |     0 hits
3.48 Trillion        | 414 M/sec            |  4.82s       |     0 hits
3.48 Trillion        | 419 M/sec            |  4.77s       |     0 hits
3.48 Trillion        | 420 M/sec            |  4.75s       |     0 hits
3.48 Trillion        | 422 M/sec            |  4.73s       |     0 hits
3.49 Trillion        | 409 M/sec            |  4.88s       |     0 hits
3.49 Trillion        | 421 M/sec            |  4.74s       |     0 hits
3.49 Trillion        | 416 M/sec            |  4.80s       |     0 hits
3.49 Trillion        | 414 M/sec            |  4.82s       |     0 hits
3.49 Trillion        | 399 M/sec            |  5.00s       |     0 hits
3.50 Trillion        | 413 M/sec            |  4.83s       |     0 hits
3.50 Trillion        | 423 M/sec            |  4.72s       |     0 hits
3.50 Trillion        | 422 M/sec            |  4.73s       |     0 hits
3.50 Trillion        | 422 M/sec            |  4.73s       |     0 hits
3.50 Trillion        | 423 M/sec            |  4.71s       |     0 hits
3.51 Trillion        | 414 M/sec            |  4.82s       |     0 hits
3.51 Trillion        | 407 M/sec            |  4.90s       |     0 hits
3.51 Trillion        | 416 M/sec            |  4.80s       |     0 hits
3.51 Trillion        | 414 M/sec            |  4.82s       |     0 hits
3.51 Trillion        | 422 M/sec            |  4.73s       |     0 hits
3.52 Trillion        | 420 M/sec            |  4.75s       |     0 hits
3.52 Trillion        | 418 M/sec            |  4.78s       |     0 hits
3.52 Trillion        | 423 M/sec            |  4.72s       |     0 hits
3.52 Trillion        | 423 M/sec            |  4.72s       |     0 hits
3.52 Trillion        | 423 M/sec            |  4.72s       |     0 hits
3.53 Trillion        | 422 M/sec            |  4.73s       |     0 hits
3.53 Trillion        | 422 M/sec            |  4.73s       |     0 hits
3.53 Trillion        | 423 M/sec            |  4.72s       |     0 hits
3.53 Trillion        | 423 M/sec            |  4.72s       |     0 hits
3.53 Trillion        | 423 M/sec            |  4.72s       |     0 hits
3.54 Trillion        | 423 M/sec            |  4.72s       |     0 hits
3.54 Trillion        | 423 M/sec            |  4.72s       |     0 hits
3.54 Trillion        | 422 M/sec            |  4.73s       |     0 hits
3.54 Trillion        | 422 M/sec            |  4.73s       |     0 hits
3.54 Trillion        | 423 M/sec            |  4.72s       |     0 hits
3.55 Trillion        | 423 M/sec            |  4.72s       |     0 hits
3.55 Trillion        | 423 M/sec            |  4.72s       |     0 hits
3.55 Trillion        | 422 M/sec            |  4.73s       |     0 hits
3.55 Trillion        | 422 M/sec            |  4.73s       |     0 hits
3.55 Trillion        | 422 M/sec            |  4.73s       |     0 hits
3.55 Trillion        | 422 M/sec            |  4.73s       |     0 hits
3.56 Trillion        | 423 M/sec            |  4.72s       |     0 hits
3.56 Trillion        | 422 M/sec            |  4.73s       |     0 hits
3.56 Trillion        | 423 M/sec            |  4.72s       |     0 hits
3.56 Trillion        | 422 M/sec            |  4.72s       |     0 hits
3.56 Trillion        | 422 M/sec            |  4.73s       |     0 hits
3.57 Trillion        | 422 M/sec            |  4.73s       |     0 hits
3.57 Trillion        | 422 M/sec            |  4.73s       |     0 hits
3.57 Trillion        | 423 M/sec            |  4.72s       |     0 hits
3.57 Trillion        | 422 M/sec            |  4.73s       |     0 hits
3.57 Trillion        | 422 M/sec            |  4.73s       |     0 hits
3.58 Trillion        | 422 M/sec            |  4.73s       |     0 hits
3.58 Trillion        | 423 M/sec            |  4.72s       |     0 hits
3.58 Trillion        | 422 M/sec            |  4.73s       |     0 hits
3.58 Trillion        | 422 M/sec            |  4.73s       |     0 hits
3.58 Trillion        | 422 M/sec            |  4.72s       |     0 hits
3.59 Trillion        | 422 M/sec            |  4.73s       |     0 hits
3.59 Trillion        | 423 M/sec            |  4.72s       |     0 hits
3.59 Trillion        | 422 M/sec            |  4.73s       |     0 hits
3.59 Trillion        | 422 M/sec            |  4.73s       |     0 hits
3.59 Trillion        | 422 M/sec            |  4.73s       |     0 hits
3.60 Trillion        | 422 M/sec            |  4.73s       |     0 hits
3.60 Trillion        | 422 M/sec            |  4.73s       |     0 hits
3.60 Trillion        | 422 M/sec            |  4.73s       |     0 hits
3.60 Trillion        | 422 M/sec            |  4.73s       |     0 hits
3.60 Trillion        | 422 M/sec            |  4.73s       |     0 hits
3.61 Trillion        | 423 M/sec            |  4.72s       |     0 hits
3.61 Trillion        | 422 M/sec            |  4.73s       |     0 hits
3.61 Trillion        | 422 M/sec            |  4.73s       |     0 hits
3.61 Trillion        | 422 M/sec            |  4.73s       |     0 hits
3.61 Trillion        | 422 M/sec            |  4.73s       |     0 hits
3.62 Trillion        | 422 M/sec            |  4.72s       |     0 hits
3.62 Trillion        | 422 M/sec            |  4.73s       |     0 hits
3.62 Trillion        | 423 M/sec            |  4.72s       |     0 hits
3.62 Trillion        | 422 M/sec            |  4.73s       |     0 hits
3.62 Trillion        | 423 M/sec            |  4.72s       |     0 hits
3.63 Trillion        | 423 M/sec            |  4.72s       |     0 hits
3.63 Trillion        | 422 M/sec            |  4.73s       |     0 hits
3.63 Trillion        | 423 M/sec            |  4.72s       |     0 hits
3.63 Trillion        | 422 M/sec            |  4.73s       |     0 hits
3.63 Trillion        | 422 M/sec            |  4.73s       |     0 hits
3.64 Trillion        | 422 M/sec            |  4.73s       |     0 hits
3.64 Trillion        | 422 M/sec            |  4.73s       |     0 hits
3.64 Trillion        | 422 M/sec            |  4.73s       |     0 hits
3.64 Trillion        | 422 M/sec            |  4.73s       |     0 hits
3.64 Trillion        | 423 M/sec            |  4.72s       |     0 hits
3.65 Trillion        | 422 M/sec            |  4.73s       |     0 hits
3.65 Trillion        | 423 M/sec            |  4.72s       |     0 hits
3.65 Trillion        | 422 M/sec            |  4.73s       |     0 hits
3.65 Trillion        | 422 M/sec            |  4.73s       |     0 hits
3.65 Trillion        | 422 M/sec            |  4.72s       |     0 hits
3.66 Trillion        | 423 M/sec            |  4.72s       |     0 hits
3.66 Trillion        | 422 M/sec            |  4.73s       |     0 hits
3.66 Trillion        | 422 M/sec            |  4.72s       |     0 hits
3.66 Trillion        | 423 M/sec            |  4.72s       |     0 hits
3.66 Trillion        | 422 M/sec            |  4.73s       |     0 hits
3.67 Trillion        | 423 M/sec            |  4.72s       |     0 hits
3.67 Trillion        | 422 M/sec            |  4.73s       |     0 hits
3.67 Trillion        | 422 M/sec            |  4.73s       |     0 hits
3.67 Trillion        | 422 M/sec            |  4.73s       |     0 hits
3.67 Trillion        | 422 M/sec            |  4.73s       |     0 hits
3.68 Trillion        | 423 M/sec            |  4.72s       |     0 hits
3.68 Trillion        | 422 M/sec            |  4.73s       |     0 hits
3.68 Trillion        | 423 M/sec            |  4.72s       |     0 hits
3.68 Trillion        | 421 M/sec            |  4.74s       |     0 hits
3.68 Trillion        | 422 M/sec            |  4.72s       |     0 hits
3.69 Trillion        | 422 M/sec            |  4.73s       |     0 hits
3.69 Trillion        | 422 M/sec            |  4.73s       |     0 hits
3.69 Trillion        | 423 M/sec            |  4.72s       |     0 hits
3.69 Trillion        | 422 M/sec            |  4.73s       |     0 hits
3.69 Trillion        | 422 M/sec            |  4.73s       |     0 hits
3.70 Trillion        | 422 M/sec            |  4.73s       |     0 hits
3.70 Trillion        | 423 M/sec            |  4.72s       |     0 hits
3.70 Trillion        | 422 M/sec            |  4.73s       |     0 hits
3.70 Trillion        | 423 M/sec            |  4.72s       |     0 hits
3.70 Trillion        | 423 M/sec            |  4.72s       |     0 hits
3.71 Trillion        | 423 M/sec            |  4.72s       |     0 hits
3.71 Trillion        | 423 M/sec            |  4.72s       |     0 hits
3.71 Trillion        | 423 M/sec            |  4.72s       |     0 hits
3.71 Trillion        | 423 M/sec            |  4.72s       |     0 hits
3.71 Trillion        | 423 M/sec            |  4.72s       |     0 hits
3.72 Trillion        | 423 M/sec            |  4.72s       |     0 hits
3.72 Trillion        | 423 M/sec            |  4.72s       |     0 hits
3.72 Trillion        | 423 M/sec            |  4.72s       |     0 hits
3.72 Trillion        | 423 M/sec            |  4.72s       |     0 hits
3.72 Trillion        | 423 M/sec            |  4.72s       |     0 hits
3.73 Trillion        | 422 M/sec            |  4.73s       |     0 hits
3.73 Trillion        | 423 M/sec            |  4.72s       |     0 hits
3.73 Trillion        | 423 M/sec            |  4.72s       |     0 hits
3.73 Trillion        | 423 M/sec            |  4.72s       |     0 hits
3.73 Trillion        | 423 M/sec            |  4.72s       |     0 hits
3.74 Trillion        | 423 M/sec            |  4.72s       |     0 hits
3.74 Trillion        | 422 M/sec            |  4.73s       |     0 hits
3.74 Trillion        | 423 M/sec            |  4.72s       |     0 hits
3.74 Trillion        | 422 M/sec            |  4.72s       |     0 hits
3.74 Trillion        | 423 M/sec            |  4.72s       |     0 hits
3.75 Trillion        | 423 M/sec            |  4.72s       |     0 hits
3.75 Trillion        | 423 M/sec            |  4.72s       |     0 hits
3.75 Trillion        | 423 M/sec            |  4.72s       |     0 hits
3.75 Trillion        | 423 M/sec            |  4.72s       |     0 hits
3.75 Trillion        | 423 M/sec            |  4.72s       |     0 hits
3.76 Trillion        | 423 M/sec            |  4.72s       |     0 hits
3.76 Trillion        | 423 M/sec            |  4.72s       |     0 hits
3.76 Trillion        | 423 M/sec            |  4.72s       |     0 hits
3.76 Trillion        | 422 M/sec            |  4.73s       |     0 hits
3.76 Trillion        | 423 M/sec            |  4.72s       |     0 hits
3.77 Trillion        | 423 M/sec            |  4.72s       |     0 hits
3.77 Trillion        | 423 M/sec            |  4.72s       |     0 hits
3.77 Trillion        | 422 M/sec            |  4.73s       |     0 hits
3.77 Trillion        | 422 M/sec            |  4.72s       |     0 hits
3.77 Trillion        | 423 M/sec            |  4.72s       |     0 hits
3.78 Trillion        | 422 M/sec            |  4.73s       |     0 hits
3.78 Trillion        | 423 M/sec            |  4.72s       |     0 hits
3.78 Trillion        | 423 M/sec            |  4.72s       |     0 hits
3.78 Trillion        | 422 M/sec            |  4.73s       |     0 hits
3.78 Trillion        | 422 M/sec            |  4.73s       |     0 hits
3.79 Trillion        | 423 M/sec            |  4.72s       |     0 hits
3.79 Trillion        | 423 M/sec            |  4.72s       |     0 hits
3.79 Trillion        | 423 M/sec            |  4.72s       |     0 hits
3.79 Trillion        | 422 M/sec            |  4.73s       |     0 hits
3.79 Trillion        | 422 M/sec            |  4.73s       |     0 hits
3.80 Trillion        | 422 M/sec            |  4.73s       |     0 hits
3.80 Trillion        | 422 M/sec            |  4.73s       |     0 hits
3.80 Trillion        | 417 M/sec            |  4.78s       |     0 hits
3.80 Trillion        | 422 M/sec            |  4.74s       |     0 hits
3.80 Trillion        | 420 M/sec            |  4.75s       |     0 hits
3.81 Trillion        | 422 M/sec            |  4.72s       |     0 hits
3.81 Trillion        | 422 M/sec            |  4.73s       |     0 hits
3.81 Trillion        | 423 M/sec            |  4.72s       |     0 hits
3.81 Trillion        | 423 M/sec            |  4.72s       |     0 hits
3.81 Trillion        | 422 M/sec            |  4.73s       |     0 hits
3.82 Trillion        | 423 M/sec            |  4.72s       |     0 hits
3.82 Trillion        | 423 M/sec            |  4.72s       |     0 hits
3.82 Trillion        | 422 M/sec            |  4.73s       |     0 hits
3.82 Trillion        | 422 M/sec            |  4.73s       |     0 hits
3.82 Trillion        | 423 M/sec            |  4.72s       |     0 hits
3.83 Trillion        | 422 M/sec            |  4.73s       |     0 hits
3.83 Trillion        | 423 M/sec            |  4.72s       |     0 hits
3.83 Trillion        | 423 M/sec            |  4.72s       |     0 hits
3.83 Trillion        | 423 M/sec            |  4.72s       |     0 hits
3.83 Trillion        | 422 M/sec            |  4.73s       |     0 hits
3.84 Trillion        | 423 M/sec            |  4.72s       |     0 hits
3.84 Trillion        | 423 M/sec            |  4.72s       |     0 hits
3.84 Trillion        | 423 M/sec            |  4.72s       |     0 hits
3.84 Trillion        | 423 M/sec            |  4.72s       |     0 hits
3.84 Trillion        | 423 M/sec            |  4.72s       |     0 hits
3.85 Trillion        | 423 M/sec            |  4.72s       |     0 hits
3.85 Trillion        | 422 M/sec            |  4.73s       |     0 hits
3.85 Trillion        | 423 M/sec            |  4.72s       |     0 hits
3.85 Trillion        | 423 M/sec            |  4.72s       |     0 hits
3.85 Trillion        | 423 M/sec            |  4.72s       |     0 hits
3.86 Trillion        | 423 M/sec            |  4.72s       |     0 hits
3.86 Trillion        | 422 M/sec            |  4.73s       |     0 hits
3.86 Trillion        | 422 M/sec            |  4.73s       |     0 hits
3.86 Trillion        | 421 M/sec            |  4.74s       |     0 hits
3.86 Trillion        | 423 M/sec            |  4.72s       |     0 hits
3.87 Trillion        | 422 M/sec            |  4.73s       |     0 hits
3.87 Trillion        | 422 M/sec            |  4.73s       |     0 hits
3.87 Trillion        | 423 M/sec            |  4.72s       |     0 hits
3.87 Trillion        | 423 M/sec            |  4.72s       |     0 hits
3.87 Trillion        | 423 M/sec            |  4.72s       |     0 hits
3.88 Trillion        | 423 M/sec            |  4.72s       |     0 hits
3.88 Trillion        | 423 M/sec            |  4.72s       |     0 hits
3.88 Trillion        | 422 M/sec            |  4.73s       |     0 hits
3.88 Trillion        | 423 M/sec            |  4.72s       |     0 hits
3.88 Trillion        | 423 M/sec            |  4.72s       |     0 hits
3.89 Trillion        | 422 M/sec            |  4.73s       |     0 hits
3.89 Trillion        | 423 M/sec            |  4.72s       |     0 hits
3.89 Trillion        | 422 M/sec            |  4.73s       |     0 hits
3.89 Trillion        | 423 M/sec            |  4.72s       |     0 hits
3.89 Trillion        | 422 M/sec            |  4.73s       |     0 hits
3.90 Trillion        | 422 M/sec            |  4.73s       |     0 hits
3.90 Trillion        | 423 M/sec            |  4.72s       |     0 hits
3.90 Trillion        | 422 M/sec            |  4.73s       |     0 hits
3.90 Trillion        | 423 M/sec            |  4.72s       |     0 hits
3.90 Trillion        | 422 M/sec            |  4.73s       |     0 hits
3.91 Trillion        | 423 M/sec            |  4.72s       |     0 hits
3.91 Trillion        | 422 M/sec            |  4.73s       |     0 hits
3.91 Trillion        | 422 M/sec            |  4.73s       |     0 hits
3.91 Trillion        | 422 M/sec            |  4.72s       |     0 hits
3.91 Trillion        | 422 M/sec            |  4.73s       |     0 hits
3.92 Trillion        | 423 M/sec            |  4.72s       |     0 hits
3.92 Trillion        | 422 M/sec            |  4.73s       |     0 hits
3.92 Trillion        | 423 M/sec            |  4.72s       |     0 hits
3.92 Trillion        | 422 M/sec            |  4.73s       |     0 hits
3.92 Trillion        | 422 M/sec            |  4.73s       |     0 hits
3.93 Trillion        | 422 M/sec            |  4.73s       |     0 hits
3.93 Trillion        | 422 M/sec            |  4.73s       |     0 hits
3.93 Trillion        | 422 M/sec            |  4.73s       |     0 hits
3.93 Trillion        | 422 M/sec            |  4.73s       |     0 hits
3.93 Trillion        | 423 M/sec            |  4.72s       |     0 hits
3.94 Trillion        | 422 M/sec            |  4.73s       |     0 hits
3.94 Trillion        | 422 M/sec            |  4.73s       |     0 hits
3.94 Trillion        | 422 M/sec            |  4.73s       |     0 hits
3.94 Trillion        | 422 M/sec            |  4.73s       |     0 hits
3.94 Trillion        | 422 M/sec            |  4.73s       |     0 hits
3.95 Trillion        | 422 M/sec            |  4.73s       |     0 hits
3.95 Trillion        | 422 M/sec            |  4.73s       |     0 hits
3.95 Trillion        | 422 M/sec            |  4.73s       |     0 hits
3.95 Trillion        | 422 M/sec            |  4.73s       |     0 hits
3.95 Trillion        | 422 M/sec            |  4.73s       |     0 hits
3.96 Trillion        | 422 M/sec            |  4.73s       |     0 hits
3.96 Trillion        | 422 M/sec            |  4.73s       |     0 hits
3.96 Trillion        | 422 M/sec            |  4.73s       |     0 hits
3.96 Trillion        | 423 M/sec            |  4.72s       |     0 hits
3.96 Trillion        | 422 M/sec            |  4.73s       |     0 hits
3.97 Trillion        | 422 M/sec            |  4.73s       |     0 hits
3.97 Trillion        | 421 M/sec            |  4.74s       |     0 hits
3.97 Trillion        | 422 M/sec            |  4.73s       |     0 hits
3.97 Trillion        | 422 M/sec            |  4.73s       |     0 hits
3.97 Trillion        | 422 M/sec            |  4.73s       |     0 hits
3.98 Trillion        | 423 M/sec            |  4.72s       |     0 hits
3.98 Trillion        | 422 M/sec            |  4.73s       |     0 hits
3.98 Trillion        | 422 M/sec            |  4.73s       |     0 hits
3.98 Trillion        | 422 M/sec            |  4.73s       |     0 hits
3.98 Trillion        | 422 M/sec            |  4.73s       |     0 hits
3.99 Trillion        | 422 M/sec            |  4.73s       |     0 hits
3.99 Trillion        | 422 M/sec            |  4.73s       |     0 hits
3.99 Trillion        | 421 M/sec            |  4.74s       |     0 hits
3.99 Trillion        | 422 M/sec            |  4.74s       |     0 hits
3.99 Trillion        | 422 M/sec            |  4.73s       |     0 hits
4.00 Trillion        | 422 M/sec            |  4.73s       |     0 hits
4.00 Trillion        | 423 M/sec            |  4.72s       |     0 hits
4.00 Trillion        | 422 M/sec            |  4.73s       |     0 hits
4.00 Trillion        | 422 M/sec            |  4.73s       |     0 hits
4.00 Trillion        | 423 M/sec            |  4.72s       |     0 hits
4.01 Trillion        | 422 M/sec            |  4.73s       |     0 hits
4.01 Trillion        | 422 M/sec            |  4.72s       |     0 hits
4.01 Trillion        | 423 M/sec            |  4.72s       |     0 hits
4.01 Trillion        | 423 M/sec            |  4.72s       |     0 hits
4.01 Trillion        | 422 M/sec            |  4.73s       |     0 hits
4.02 Trillion        | 423 M/sec            |  4.72s       |     0 hits
4.02 Trillion        | 423 M/sec            |  4.72s       |     0 hits
4.02 Trillion        | 422 M/sec            |  4.73s       |     0 hits
4.02 Trillion        | 423 M/sec            |  4.72s       |     0 hits
4.02 Trillion        | 422 M/sec            |  4.73s       |     0 hits
4.03 Trillion        | 423 M/sec            |  4.72s       |     0 hits
4.03 Trillion        | 422 M/sec            |  4.73s       |     0 hits
4.03 Trillion        | 422 M/sec            |  4.73s       |     0 hits
4.03 Trillion        | 422 M/sec            |  4.73s       |     0 hits
4.03 Trillion        | 423 M/sec            |  4.72s       |     0 hits
4.04 Trillion        | 423 M/sec            |  4.72s       |     0 hits
4.04 Trillion        | 422 M/sec            |  4.73s       |     0 hits
4.04 Trillion        | 423 M/sec            |  4.72s       |     0 hits
4.04 Trillion        | 421 M/sec            |  4.74s       |     0 hits
4.04 Trillion        | 422 M/sec            |  4.73s       |     0 hits
4.05 Trillion        | 423 M/sec            |  4.72s       |     0 hits
4.05 Trillion        | 423 M/sec            |  4.72s       |     0 hits
4.05 Trillion        | 422 M/sec            |  4.73s       |     0 hits
4.05 Trillion        | 422 M/sec            |  4.73s       |     0 hits
4.05 Trillion        | 423 M/sec            |  4.72s       |     0 hits
4.06 Trillion        | 421 M/sec            |  4.74s       |     0 hits
4.06 Trillion        | 422 M/sec            |  4.73s       |     0 hits
4.06 Trillion        | 422 M/sec            |  4.73s       |     0 hits
4.06 Trillion        | 422 M/sec            |  4.73s       |     0 hits
4.06 Trillion        | 423 M/sec            |  4.72s       |     0 hits
4.07 Trillion        | 422 M/sec            |  4.73s       |     0 hits
4.07 Trillion        | 423 M/sec            |  4.72s       |     0 hits
4.07 Trillion        | 422 M/sec            |  4.73s       |     0 hits
4.07 Trillion        | 422 M/sec            |  4.73s       |     0 hits
4.07 Trillion        | 422 M/sec            |  4.73s       |     0 hits
4.08 Trillion        | 422 M/sec            |  4.73s       |     0 hits
4.08 Trillion        | 422 M/sec            |  4.73s       |     0 hits
4.08 Trillion        | 422 M/sec            |  4.73s       |     0 hits
4.08 Trillion        | 422 M/sec            |  4.72s       |     0 hits
4.08 Trillion        | 422 M/sec            |  4.73s       |     0 hits
4.09 Trillion        | 423 M/sec            |  4.72s       |     0 hits
4.09 Trillion        | 421 M/sec            |  4.74s       |     0 hits
4.09 Trillion        | 418 M/sec            |  4.78s       |     0 hits
4.09 Trillion        | 421 M/sec            |  4.74s       |     0 hits
4.09 Trillion        | 419 M/sec            |  4.76s       |     0 hits
4.10 Trillion        | 422 M/sec            |  4.73s       |     0 hits
4.10 Trillion        | 422 M/sec            |  4.73s       |     0 hits
4.10 Trillion        | 423 M/sec            |  4.72s       |     0 hits
4.10 Trillion        | 422 M/sec            |  4.73s       |     0 hits
4.10 Trillion        | 422 M/sec            |  4.73s       |     0 hits
4.11 Trillion        | 423 M/sec            |  4.72s       |     0 hits
4.11 Trillion        | 423 M/sec            |  4.72s       |     0 hits
4.11 Trillion        | 423 M/sec            |  4.72s       |     0 hits
4.11 Trillion        | 422 M/sec            |  4.73s       |     0 hits
4.11 Trillion        | 422 M/sec            |  4.73s       |     0 hits
4.12 Trillion        | 422 M/sec            |  4.73s       |     0 hits
4.12 Trillion        | 422 M/sec            |  4.73s       |     0 hits
4.12 Trillion        | 423 M/sec            |  4.72s       |     0 hits
4.12 Trillion        | 422 M/sec            |  4.73s       |     0 hits
4.12 Trillion        | 422 M/sec            |  4.73s       |     0 hits
4.13 Trillion        | 422 M/sec            |  4.73s       |     0 hits
4.13 Trillion        | 423 M/sec            |  4.72s       |     0 hits
4.13 Trillion        | 422 M/sec            |  4.72s       |     0 hits
4.13 Trillion        | 423 M/sec            |  4.72s       |     0 hits
4.13 Trillion        | 423 M/sec            |  4.72s       |     0 hits
4.14 Trillion        | 422 M/sec            |  4.73s       |     0 hits
4.14 Trillion        | 422 M/sec            |  4.73s       |     0 hits
4.14 Trillion        | 422 M/sec            |  4.72s       |     0 hits
4.14 Trillion        | 423 M/sec            |  4.72s       |     0 hits
4.14 Trillion        | 422 M/sec            |  4.73s       |     0 hits
4.15 Trillion        | 423 M/sec            |  4.72s       |     0 hits
4.15 Trillion        | 422 M/sec            |  4.73s       |     0 hits
4.15 Trillion        | 422 M/sec            |  4.73s       |     0 hits
4.15 Trillion        | 423 M/sec            |  4.72s       |     0 hits
4.15 Trillion        | 423 M/sec            |  4.72s       |     0 hits
4.16 Trillion        | 422 M/sec            |  4.73s       |     0 hits
4.16 Trillion        | 422 M/sec            |  4.72s       |     0 hits
4.16 Trillion        | 422 M/sec            |  4.72s       |     0 hits
4.16 Trillion        | 422 M/sec            |  4.73s       |     0 hits
4.16 Trillion        | 422 M/sec            |  4.73s       |     0 hits
4.17 Trillion        | 422 M/sec            |  4.73s       |     0 hits
4.17 Trillion        | 423 M/sec            |  4.72s       |     0 hits
4.17 Trillion        | 422 M/sec            |  4.73s       |     0 hits
4.17 Trillion        | 422 M/sec            |  4.73s       |     0 hits
4.17 Trillion        | 423 M/sec            |  4.72s       |     0 hits
4.18 Trillion        | 422 M/sec            |  4.73s       |     0 hits
4.18 Trillion        | 422 M/sec            |  4.73s       |     0 hits
4.18 Trillion        | 422 M/sec            |  4.73s       |     0 hits
4.18 Trillion        | 422 M/sec            |  4.73s       |     0 hits
4.18 Trillion        | 423 M/sec            |  4.72s       |     0 hits
4.19 Trillion        | 422 M/sec            |  4.73s       |     0 hits
4.19 Trillion        | 422 M/sec            |  4.72s       |     0 hits
4.19 Trillion        | 422 M/sec            |  4.72s       |     0 hits
4.19 Trillion        | 422 M/sec            |  4.73s       |     0 hits
4.19 Trillion        | 422 M/sec            |  4.73s       |     0 hits
4.20 Trillion        | 422 M/sec            |  4.73s       |     0 hits
4.20 Trillion        | 422 M/sec            |  4.73s       |     0 hits
4.20 Trillion        | 422 M/sec            |  4.73s       |     0 hits
4.20 Trillion        | 423 M/sec            |  4.72s       |     0 hits
4.20 Trillion        | 422 M/sec            |  4.73s       |     0 hits
4.21 Trillion        | 423 M/sec            |  4.72s       |     0 hits
4.21 Trillion        | 422 M/sec            |  4.73s       |     0 hits
4.21 Trillion        | 422 M/sec            |  4.73s       |     0 hits
4.21 Trillion        | 422 M/sec            |  4.73s       |     0 hits
4.21 Trillion        | 422 M/sec            |  4.73s       |     0 hits
4.22 Trillion        | 423 M/sec            |  4.72s       |     0 hits
4.22 Trillion        | 422 M/sec            |  4.73s       |     0 hits
4.22 Trillion        | 423 M/sec            |  4.72s       |     0 hits
4.22 Trillion        | 421 M/sec            |  4.74s       |     0 hits
4.22 Trillion        | 422 M/sec            |  4.73s       |     0 hits
4.23 Trillion        | 422 M/sec            |  4.73s       |     0 hits
4.23 Trillion        | 422 M/sec            |  4.73s       |     0 hits
4.23 Trillion        | 422 M/sec            |  4.72s       |     0 hits
4.23 Trillion        | 422 M/sec            |  4.73s       |     0 hits
4.23 Trillion        | 422 M/sec            |  4.73s       |     0 hits
4.24 Trillion        | 422 M/sec            |  4.73s       |     0 hits
4.24 Trillion        | 423 M/sec            |  4.72s       |     0 hits
4.24 Trillion        | 422 M/sec            |  4.72s       |     0 hits
4.24 Trillion        | 422 M/sec            |  4.73s       |     0 hits
4.24 Trillion        | 423 M/sec            |  4.72s       |     0 hits
4.25 Trillion        | 422 M/sec            |  4.73s       |     0 hits
4.25 Trillion        | 422 M/sec            |  4.73s       |     0 hits
4.25 Trillion        | 422 M/sec            |  4.73s       |     0 hits
4.25 Trillion        | 423 M/sec            |  4.72s       |     0 hits
4.25 Trillion        | 422 M/sec            |  4.73s       |     0 hits
4.26 Trillion        | 422 M/sec            |  4.73s       |     0 hits
4.26 Trillion        | 423 M/sec            |  4.72s       |     0 hits
4.26 Trillion        | 422 M/sec            |  4.73s       |     0 hits
4.26 Trillion        | 422 M/sec            |  4.73s       |     0 hits
4.26 Trillion        | 422 M/sec            |  4.73s       |     0 hits
4.27 Trillion        | 422 M/sec            |  4.73s       |     0 hits
4.27 Trillion        | 423 M/sec            |  4.72s       |     0 hits
4.27 Trillion        | 422 M/sec            |  4.73s       |     0 hits
4.27 Trillion        | 422 M/sec            |  4.72s       |     0 hits
4.27 Trillion        | 422 M/sec            |  4.73s       |     0 hits
4.28 Trillion        | 423 M/sec            |  4.72s       |     0 hits
4.28 Trillion        | 422 M/sec            |  4.72s       |     0 hits
4.28 Trillion        | 423 M/sec            |  4.72s       |     0 hits
4.28 Trillion        | 422 M/sec            |  4.73s       |     0 hits
4.28 Trillion        | 422 M/sec            |  4.73s       |     0 hits
4.29 Trillion        | 423 M/sec            |  4.72s       |     0 hits
4.29 Trillion        | 422 M/sec            |  4.73s       |     0 hits
4.29 Trillion        | 422 M/sec            |  4.73s       |     0 hits
4.29 Trillion        | 422 M/sec            |  4.73s       |     0 hits
4.29 Trillion        | 423 M/sec            |  4.72s       |     0 hits
4.30 Trillion        | 422 M/sec            |  4.73s       |     0 hits
4.30 Trillion        | 422 M/sec            |  4.73s       |     0 hits
4.30 Trillion        | 423 M/sec            |  4.72s       |     0 hits
4.30 Trillion        | 422 M/sec            |  4.73s       |     0 hits
4.30 Trillion        | 422 M/sec            |  4.73s       |     0 hits
4.31 Trillion        | 423 M/sec            |  4.72s       |     0 hits
4.31 Trillion        | 423 M/sec            |  4.72s       |     0 hits
4.31 Trillion        | 421 M/sec            |  4.74s       |     0 hits
4.31 Trillion        | 422 M/sec            |  4.73s       |     0 hits
4.31 Trillion        | 422 M/sec            |  4.73s       |     0 hits
4.32 Trillion        | 422 M/sec            |  4.73s       |     0 hits
4.32 Trillion        | 422 M/sec            |  4.73s       |     0 hits
4.32 Trillion        | 422 M/sec            |  4.73s       |     0 hits
4.32 Trillion        | 422 M/sec            |  4.73s       |     0 hits
4.32 Trillion        | 422 M/sec            |  4.73s       |     0 hits
4.33 Trillion        | 422 M/sec            |  4.73s       |     0 hits
4.33 Trillion        | 422 M/sec            |  4.73s       |     0 hits
4.33 Trillion        | 422 M/sec            |  4.73s       |     0 hits
4.33 Trillion        | 422 M/sec            |  4.73s       |     0 hits
4.33 Trillion        | 422 M/sec            |  4.73s       |     0 hits
4.34 Trillion        | 423 M/sec            |  4.72s       |     0 hits
4.34 Trillion        | 422 M/sec            |  4.73s       |     0 hits
4.34 Trillion        | 423 M/sec            |  4.72s       |     0 hits
4.34 Trillion        | 422 M/sec            |  4.73s       |     0 hits
4.34 Trillion        | 422 M/sec            |  4.73s       |     0 hits
4.35 Trillion        | 422 M/sec            |  4.73s       |     0 hits
4.35 Trillion        | 422 M/sec            |  4.73s       |     0 hits
4.35 Trillion        | 423 M/sec            |  4.72s       |     0 hits
4.35 Trillion        | 422 M/sec            |  4.73s       |     0 hits
4.35 Trillion        | 422 M/sec            |  4.73s       |     0 hits
4.36 Trillion        | 422 M/sec            |  4.73s       |     0 hits
4.36 Trillion        | 422 M/sec            |  4.73s       |     0 hits
4.36 Trillion        | 422 M/sec            |  4.73s       |     0 hits
4.36 Trillion        | 421 M/sec            |  4.74s       |     0 hits
4.36 Trillion        | 423 M/sec            |  4.72s       |     0 hits
4.37 Trillion        | 422 M/sec            |  4.73s       |     0 hits
4.37 Trillion        | 422 M/sec            |  4.72s       |     0 hits
4.37 Trillion        | 422 M/sec            |  4.73s       |     0 hits
4.37 Trillion        | 422 M/sec            |  4.73s       |     0 hits
4.37 Trillion        | 422 M/sec            |  4.73s       |     0 hits
4.38 Trillion        | 422 M/sec            |  4.73s       |     0 hits
4.38 Trillion        | 423 M/sec            |  4.72s       |     0 hits
4.38 Trillion        | 420 M/sec            |  4.75s       |     0 hits
4.38 Trillion        | 420 M/sec            |  4.76s       |     0 hits
4.38 Trillion        | 421 M/sec            |  4.74s       |     0 hits
4.39 Trillion        | 421 M/sec            |  4.75s       |     0 hits
4.39 Trillion        | 422 M/sec            |  4.73s       |     0 hits
4.39 Trillion        | 422 M/sec            |  4.73s       |     0 hits
4.39 Trillion        | 422 M/sec            |  4.73s       |     0 hits
4.39 Trillion        | 422 M/sec            |  4.73s       |     0 hits
4.40 Trillion        | 422 M/sec            |  4.73s       |     0 hits
4.40 Trillion        | 422 M/sec            |  4.73s       |     0 hits
4.40 Trillion        | 420 M/sec            |  4.75s       |     0 hits
4.40 Trillion        | 422 M/sec            |  4.73s       |     0 hits
4.40 Trillion        | 422 M/sec            |  4.73s       |     0 hits
4.41 Trillion        | 422 M/sec            |  4.73s       |     0 hits
4.41 Trillion        | 422 M/sec            |  4.73s       |     0 hits
4.41 Trillion        | 422 M/sec            |  4.73s       |     0 hits
4.41 Trillion        | 422 M/sec            |  4.73s       |     0 hits
4.41 Trillion        | 422 M/sec            |  4.73s       |     0 hits
4.42 Trillion        | 422 M/sec            |  4.73s       |     0 hits
4.42 Trillion        | 422 M/sec            |  4.73s       |     0 hits
4.42 Trillion        | 422 M/sec            |  4.73s       |     0 hits
4.42 Trillion        | 422 M/sec            |  4.73s       |     0 hits
4.42 Trillion        | 422 M/sec            |  4.73s       |     0 hits
4.43 Trillion        | 422 M/sec            |  4.73s       |     0 hits
4.43 Trillion        | 423 M/sec            |  4.72s       |     0 hits
4.43 Trillion        | 422 M/sec            |  4.73s       |     0 hits
4.43 Trillion        | 422 M/sec            |  4.73s       |     0 hits
4.43 Trillion        | 422 M/sec            |  4.72s       |     0 hits
4.44 Trillion        | 422 M/sec            |  4.73s       |     0 hits
4.44 Trillion        | 422 M/sec            |  4.73s       |     0 hits
4.44 Trillion        | 422 M/sec            |  4.73s       |     0 hits
4.44 Trillion        | 422 M/sec            |  4.72s       |     0 hits
4.44 Trillion        | 422 M/sec            |  4.74s       |     0 hits
4.45 Trillion        | 422 M/sec            |  4.73s       |     0 hits
4.45 Trillion        | 423 M/sec            |  4.72s       |     0 hits
4.45 Trillion        | 422 M/sec            |  4.73s       |     0 hits
4.45 Trillion        | 423 M/sec            |  4.72s       |     0 hits
4.45 Trillion        | 422 M/sec            |  4.73s       |     0 hits
4.46 Trillion        | 422 M/sec            |  4.73s       |     0 hits
4.46 Trillion        | 422 M/sec            |  4.73s       |     0 hits
4.46 Trillion        | 422 M/sec            |  4.73s       |     0 hits
4.46 Trillion        | 422 M/sec            |  4.73s       |     0 hits
4.46 Trillion        | 422 M/sec            |  4.73s       |     0 hits
4.47 Trillion        | 423 M/sec            |  4.72s       |     0 hits
4.47 Trillion        | 422 M/sec            |  4.73s       |     0 hits
4.47 Trillion        | 422 M/sec            |  4.73s       |     0 hits
4.47 Trillion        | 422 M/sec            |  4.73s       |     0 hits
4.47 Trillion        | 422 M/sec            |  4.73s       |     0 hits
4.48 Trillion        | 423 M/sec            |  4.72s       |     0 hits
4.48 Trillion        | 422 M/sec            |  4.73s       |     0 hits
4.48 Trillion        | 422 M/sec            |  4.73s       |     0 hits
4.48 Trillion        | 422 M/sec            |  4.73s       |     0 hits
4.48 Trillion        | 422 M/sec            |  4.73s       |     0 hits
4.49 Trillion        | 421 M/sec            |  4.74s       |     0 hits
4.49 Trillion        | 421 M/sec            |  4.74s       |     0 hits
4.49 Trillion        | 421 M/sec            |  4.74s       |     0 hits
4.49 Trillion        | 422 M/sec            |  4.73s       |     0 hits
4.49 Trillion        | 422 M/sec            |  4.73s       |     0 hits
4.50 Trillion        | 422 M/sec            |  4.73s       |     0 hits
4.50 Trillion        | 422 M/sec            |  4.73s       |     0 hits
4.50 Trillion        | 422 M/sec            |  4.73s       |     0 hits
4.50 Trillion        | 422 M/sec            |  4.73s       |     0 hits
4.50 Trillion        | 421 M/sec            |  4.74s       |     0 hits
4.51 Trillion        | 422 M/sec            |  4.73s       |     0 hits
4.51 Trillion        | 421 M/sec            |  4.74s       |     0 hits
4.51 Trillion        | 421 M/sec            |  4.74s       |     0 hits
4.51 Trillion        | 422 M/sec            |  4.73s       |     0 hits
4.51 Trillion        | 422 M/sec            |  4.73s       |     0 hits
4.52 Trillion        | 422 M/sec            |  4.73s       |     0 hits
4.52 Trillion        | 421 M/sec            |  4.74s       |     0 hits
4.52 Trillion        | 421 M/sec            |  4.74s       |     0 hits
4.52 Trillion        | 421 M/sec            |  4.74s       |     0 hits
4.52 Trillion        | 421 M/sec            |  4.74s       |     0 hits
4.53 Trillion        | 421 M/sec            |  4.74s       |     0 hits
4.53 Trillion        | 421 M/sec            |  4.74s       |     0 hits
4.53 Trillion        | 421 M/sec            |  4.74s       |     0 hits
4.53 Trillion        | 421 M/sec            |  4.74s       |     0 hits
4.53 Trillion        | 422 M/sec            |  4.74s       |     0 hits
4.54 Trillion        | 422 M/sec            |  4.73s       |     0 hits
4.54 Trillion        | 421 M/sec            |  4.74s       |     0 hits
4.54 Trillion        | 421 M/sec            |  4.74s       |     0 hits
4.54 Trillion        | 422 M/sec            |  4.73s       |     0 hits
4.54 Trillion        | 421 M/sec            |  4.75s       |     0 hits
4.55 Trillion        | 421 M/sec            |  4.74s       |     0 hits
4.55 Trillion        | 421 M/sec            |  4.74s       |     0 hits
4.55 Trillion        | 422 M/sec            |  4.73s       |     0 hits
4.55 Trillion        | 421 M/sec            |  4.74s       |     0 hits
4.55 Trillion        | 422 M/sec            |  4.73s       |     0 hits
4.56 Trillion        | 421 M/sec            |  4.74s       |     0 hits
4.56 Trillion        | 422 M/sec            |  4.73s       |     0 hits
4.56 Trillion        | 421 M/sec            |  4.74s       |     0 hits
4.56 Trillion        | 421 M/sec            |  4.74s       |     0 hits
4.56 Trillion        | 422 M/sec            |  4.74s       |     0 hits
4.57 Trillion        | 421 M/sec            |  4.74s       |     0 hits
4.57 Trillion        | 422 M/sec            |  4.73s       |     0 hits
4.57 Trillion        | 421 M/sec            |  4.74s       |     0 hits
4.57 Trillion        | 422 M/sec            |  4.73s       |     0 hits
4.57 Trillion        | 422 M/sec            |  4.73s       |     0 hits
4.57 Trillion        | 421 M/sec            |  4.74s       |     0 hits
4.58 Trillion        | 420 M/sec            |  4.75s       |     0 hits
4.58 Trillion        | 422 M/sec            |  4.73s       |     0 hits
4.58 Trillion        | 422 M/sec            |  4.73s       |     0 hits
4.58 Trillion        | 421 M/sec            |  4.74s       |     0 hits
4.58 Trillion        | 422 M/sec            |  4.73s       |     0 hits
4.59 Trillion        | 421 M/sec            |  4.74s       |     0 hits
4.59 Trillion        | 421 M/sec            |  4.74s       |     0 hits
4.59 Trillion        | 422 M/sec            |  4.73s       |     0 hits
4.59 Trillion        | 421 M/sec            |  4.74s       |     0 hits
4.59 Trillion        | 422 M/sec            |  4.73s       |     0 hits
4.60 Trillion        | 421 M/sec            |  4.74s       |     0 hits
4.60 Trillion        | 421 M/sec            |  4.74s       |     0 hits
4.60 Trillion        | 421 M/sec            |  4.74s       |     0 hits
4.60 Trillion        | 421 M/sec            |  4.74s       |     0 hits
4.60 Trillion        | 421 M/sec            |  4.74s       |     0 hits
4.61 Trillion        | 421 M/sec            |  4.74s       |     0 hits
4.61 Trillion        | 422 M/sec            |  4.73s       |     0 hits
4.61 Trillion        | 421 M/sec            |  4.74s       |     0 hits
4.61 Trillion        | 422 M/sec            |  4.73s       |     0 hits
4.61 Trillion        | 422 M/sec            |  4.74s       |     0 hits
4.62 Trillion        | 421 M/sec            |  4.74s       |     0 hits
4.62 Trillion        | 421 M/sec            |  4.74s       |     0 hits
4.62 Trillion        | 421 M/sec            |  4.74s       |     0 hits
4.62 Trillion        | 421 M/sec            |  4.74s       |     0 hits
4.62 Trillion        | 422 M/sec            |  4.73s       |     0 hits
4.63 Trillion        | 422 M/sec            |  4.73s       |     0 hits
4.63 Trillion        | 421 M/sec            |  4.74s       |     0 hits
4.63 Trillion        | 421 M/sec            |  4.74s       |     0 hits
4.63 Trillion        | 422 M/sec            |  4.73s       |     0 hits
4.63 Trillion        | 421 M/sec            |  4.74s       |     0 hits
4.64 Trillion        | 422 M/sec            |  4.73s       |     0 hits
4.64 Trillion        | 421 M/sec            |  4.74s       |     0 hits
4.64 Trillion        | 422 M/sec            |  4.74s       |     0 hits
4.64 Trillion        | 422 M/sec            |  4.73s       |     0 hits
4.64 Trillion        | 422 M/sec            |  4.73s       |     0 hits
4.65 Trillion        | 421 M/sec            |  4.74s       |     0 hits
4.65 Trillion        | 422 M/sec            |  4.73s       |     0 hits
4.65 Trillion        | 422 M/sec            |  4.73s       |     0 hits
4.65 Trillion        | 421 M/sec            |  4.74s       |     0 hits
4.65 Trillion        | 421 M/sec            |  4.74s       |     0 hits
4.66 Trillion        | 421 M/sec            |  4.74s       |     0 hits
4.66 Trillion        | 421 M/sec            |  4.74s       |     0 hits
4.66 Trillion        | 421 M/sec            |  4.74s       |     0 hits
4.66 Trillion        | 421 M/sec            |  4.74s       |     0 hits
4.66 Trillion        | 422 M/sec            |  4.73s       |     0 hits
4.67 Trillion        | 421 M/sec            |  4.74s       |     0 hits
4.67 Trillion        | 422 M/sec            |  4.74s       |     0 hits
4.67 Trillion        | 418 M/sec            |  4.77s       |     0 hits
4.67 Trillion        | 419 M/sec            |  4.77s       |     0 hits
4.67 Trillion        | 420 M/sec            |  4.75s       |     0 hits
4.68 Trillion        | 420 M/sec            |  4.75s       |     0 hits
4.68 Trillion        | 422 M/sec            |  4.74s       |     0 hits
4.68 Trillion        | 421 M/sec            |  4.74s       |     0 hits
4.68 Trillion        | 422 M/sec            |  4.73s       |     0 hits
4.68 Trillion        | 421 M/sec            |  4.74s       |     0 hits
4.69 Trillion        | 422 M/sec            |  4.73s       |     0 hits
4.69 Trillion        | 422 M/sec            |  4.73s       |     0 hits
4.69 Trillion        | 422 M/sec            |  4.74s       |     0 hits
4.69 Trillion        | 422 M/sec            |  4.73s       |     0 hits
4.69 Trillion        | 422 M/sec            |  4.73s       |     0 hits
4.70 Trillion        | 422 M/sec            |  4.73s       |     0 hits
4.70 Trillion        | 421 M/sec            |  4.74s       |     0 hits
4.70 Trillion        | 422 M/sec            |  4.73s       |     0 hits
4.70 Trillion        | 422 M/sec            |  4.73s       |     0 hits
4.70 Trillion        | 422 M/sec            |  4.73s       |     0 hits
4.71 Trillion        | 421 M/sec            |  4.74s       |     0 hits
4.71 Trillion        | 421 M/sec            |  4.74s       |     0 hits
4.71 Trillion        | 422 M/sec            |  4.73s       |     0 hits
4.71 Trillion        | 421 M/sec            |  4.74s       |     0 hits
4.71 Trillion        | 421 M/sec            |  4.74s       |     0 hits
4.72 Trillion        | 422 M/sec            |  4.73s       |     0 hits
4.72 Trillion        | 422 M/sec            |  4.73s       |     0 hits
4.72 Trillion        | 422 M/sec            |  4.73s       |     0 hits
4.72 Trillion        | 421 M/sec            |  4.74s       |     0 hits
4.72 Trillion        | 422 M/sec            |  4.73s       |     0 hits
4.73 Trillion        | 421 M/sec            |  4.74s       |     0 hits
4.73 Trillion        | 422 M/sec            |  4.73s       |     0 hits
4.73 Trillion        | 421 M/sec            |  4.74s       |     0 hits
4.73 Trillion        | 422 M/sec            |  4.73s       |     0 hits
4.73 Trillion        | 421 M/sec            |  4.74s       |     0 hits
4.74 Trillion        | 421 M/sec            |  4.74s       |     0 hits
4.74 Trillion        | 422 M/sec            |  4.73s       |     0 hits
4.74 Trillion        | 421 M/sec            |  4.74s       |     0 hits
4.74 Trillion        | 422 M/sec            |  4.73s       |     0 hits
4.74 Trillion        | 421 M/sec            |  4.74s       |     0 hits
4.75 Trillion        | 422 M/sec            |  4.73s       |     0 hits
4.75 Trillion        | 421 M/sec            |  4.74s       |     0 hits
4.75 Trillion        | 421 M/sec            |  4.74s       |     0 hits
4.75 Trillion        | 422 M/sec            |  4.73s       |     0 hits
4.75 Trillion        | 421 M/sec            |  4.74s       |     0 hits
4.76 Trillion        | 420 M/sec            |  4.75s       |     0 hits
4.76 Trillion        | 421 M/sec            |  4.74s       |     0 hits
4.76 Trillion        | 422 M/sec            |  4.73s       |     0 hits
4.76 Trillion        | 421 M/sec            |  4.74s       |     0 hits
4.76 Trillion        | 422 M/sec            |  4.74s       |     0 hits
4.77 Trillion        | 422 M/sec            |  4.73s       |     0 hits
4.77 Trillion        | 422 M/sec            |  4.73s       |     0 hits
4.77 Trillion        | 422 M/sec            |  4.73s       |     0 hits
4.77 Trillion        | 421 M/sec            |  4.74s       |     0 hits
4.77 Trillion        | 422 M/sec            |  4.73s       |     0 hits
4.78 Trillion        | 422 M/sec            |  4.74s       |     0 hits
4.78 Trillion        | 421 M/sec            |  4.74s       |     0 hits
4.78 Trillion        | 422 M/sec            |  4.73s       |     0 hits
4.78 Trillion        | 422 M/sec            |  4.73s       |     0 hits
4.78 Trillion        | 422 M/sec            |  4.73s       |     0 hits
4.79 Trillion        | 421 M/sec            |  4.74s       |     0 hits
4.79 Trillion        | 422 M/sec            |  4.73s       |     0 hits
4.79 Trillion        | 422 M/sec            |  4.73s       |     0 hits
4.79 Trillion        | 422 M/sec            |  4.73s       |     0 hits
4.79 Trillion        | 421 M/sec            |  4.74s       |     0 hits
4.80 Trillion        | 421 M/sec            |  4.74s       |     0 hits
4.80 Trillion        | 422 M/sec            |  4.73s       |     0 hits
4.80 Trillion        | 421 M/sec            |  4.74s       |     0 hits
4.80 Trillion        | 422 M/sec            |  4.73s       |     0 hits
4.80 Trillion        | 421 M/sec            |  4.74s       |     0 hits
4.81 Trillion        | 422 M/sec            |  4.73s       |     0 hits
4.81 Trillion        | 422 M/sec            |  4.73s       |     0 hits
4.81 Trillion        | 421 M/sec            |  4.74s       |     0 hits
4.81 Trillion        | 422 M/sec            |  4.73s       |     0 hits
4.81 Trillion        | 422 M/sec            |  4.73s       |     0 hits
4.82 Trillion        | 422 M/sec            |  4.73s       |     0 hits
4.82 Trillion        | 421 M/sec            |  4.74s       |     0 hits
4.82 Trillion        | 422 M/sec            |  4.73s       |     0 hits
4.82 Trillion        | 422 M/sec            |  4.74s       |     0 hits
4.82 Trillion        | 422 M/sec            |  4.73s       |     0 hits
4.83 Trillion        | 422 M/sec            |  4.74s       |     0 hits
4.83 Trillion        | 421 M/sec            |  4.74s       |     0 hits
4.83 Trillion        | 422 M/sec            |  4.73s       |     0 hits
4.83 Trillion        | 421 M/sec            |  4.74s       |     0 hits
4.83 Trillion        | 422 M/sec            |  4.73s       |     0 hits
4.84 Trillion        | 421 M/sec            |  4.74s       |     0 hits
4.84 Trillion        | 422 M/sec            |  4.73s       |     0 hits
4.84 Trillion        | 422 M/sec            |  4.73s       |     0 hits
4.84 Trillion        | 421 M/sec            |  4.74s       |     0 hits
4.84 Trillion        | 422 M/sec            |  4.73s       |     0 hits
4.85 Trillion        | 422 M/sec            |  4.73s       |     0 hits
4.85 Trillion        | 422 M/sec            |  4.73s       |     0 hits
4.85 Trillion        | 422 M/sec            |  4.74s       |     0 hits
4.85 Trillion        | 421 M/sec            |  4.74s       |     0 hits
4.85 Trillion        | 422 M/sec            |  4.73s       |     0 hits
4.86 Trillion        | 422 M/sec            |  4.73s       |     0 hits
4.86 Trillion        | 422 M/sec            |  4.73s       |     0 hits
4.86 Trillion        | 422 M/sec            |  4.73s       |     0 hits
4.86 Trillion        | 422 M/sec            |  4.73s       |     0 hits
4.86 Trillion        | 422 M/sec            |  4.73s       |     0 hits
4.87 Trillion        | 422 M/sec            |  4.73s       |     0 hits
4.87 Trillion        | 422 M/sec            |  4.73s       |     0 hits
4.87 Trillion        | 422 M/sec            |  4.73s       |     0 hits
4.87 Trillion        | 422 M/sec            |  4.73s       |     0 hits
4.87 Trillion        | 421 M/sec            |  4.74s       |     0 hits
4.88 Trillion        | 422 M/sec            |  4.73s       |     0 hits
4.88 Trillion        | 422 M/sec            |  4.73s       |     0 hits
4.88 Trillion        | 422 M/sec            |  4.73s       |     0 hits
4.88 Trillion        | 422 M/sec            |  4.73s       |     0 hits
4.88 Trillion        | 422 M/sec            |  4.73s       |     0 hits
4.89 Trillion        | 422 M/sec            |  4.73s       |     0 hits
4.89 Trillion        | 421 M/sec            |  4.74s       |     0 hits
4.89 Trillion        | 422 M/sec            |  4.73s       |     0 hits
4.89 Trillion        | 422 M/sec            |  4.73s       |     0 hits
4.89 Trillion        | 422 M/sec            |  4.73s       |     0 hits
4.90 Trillion        | 422 M/sec            |  4.73s       |     0 hits
4.90 Trillion        | 422 M/sec            |  4.73s       |     0 hits
4.90 Trillion        | 422 M/sec            |  4.73s       |     0 hits
4.90 Trillion        | 422 M/sec            |  4.74s       |     0 hits
4.90 Trillion        | 422 M/sec            |  4.73s       |     0 hits
4.91 Trillion        | 422 M/sec            |  4.73s       |     0 hits
4.91 Trillion        | 422 M/sec            |  4.73s       |     0 hits
4.91 Trillion        | 422 M/sec            |  4.73s       |     0 hits
4.91 Trillion        | 421 M/sec            |  4.74s       |     0 hits
4.91 Trillion        | 422 M/sec            |  4.73s       |     0 hits
4.92 Trillion        | 421 M/sec            |  4.74s       |     0 hits
4.92 Trillion        | 422 M/sec            |  4.73s       |     0 hits
4.92 Trillion        | 421 M/sec            |  4.74s       |     0 hits
4.92 Trillion        | 422 M/sec            |  4.73s       |     0 hits
4.92 Trillion        | 421 M/sec            |  4.74s       |     0 hits
4.93 Trillion        | 422 M/sec            |  4.73s       |     0 hits
4.93 Trillion        | 422 M/sec            |  4.73s       |     0 hits
4.93 Trillion        | 421 M/sec            |  4.74s       |     0 hits
4.93 Trillion        | 422 M/sec            |  4.73s       |     0 hits
4.93 Trillion        | 420 M/sec            |  4.75s       |     0 hits
4.94 Trillion        | 422 M/sec            |  4.73s       |     0 hits
4.94 Trillion        | 421 M/sec            |  4.74s       |     0 hits
4.94 Trillion        | 422 M/sec            |  4.73s       |     0 hits
4.94 Trillion        | 422 M/sec            |  4.73s       |     0 hits
4.94 Trillion        | 422 M/sec            |  4.74s       |     0 hits
4.95 Trillion        | 422 M/sec            |  4.73s       |     0 hits
4.95 Trillion        | 422 M/sec            |  4.73s       |     0 hits
4.95 Trillion        | 422 M/sec            |  4.73s       |     0 hits
4.95 Trillion        | 421 M/sec            |  4.74s       |     0 hits
4.95 Trillion        | 422 M/sec            |  4.73s       |     0 hits
4.96 Trillion        | 422 M/sec            |  4.73s       |     0 hits
4.96 Trillion        | 421 M/sec            |  4.74s       |     0 hits
4.96 Trillion        | 418 M/sec            |  4.77s       |     0 hits
4.96 Trillion        | 419 M/sec            |  4.77s       |     0 hits
4.96 Trillion        | 421 M/sec            |  4.74s       |     0 hits
4.97 Trillion        | 420 M/sec            |  4.76s       |     0 hits
4.97 Trillion        | 422 M/sec            |  4.73s       |     0 hits
4.97 Trillion        | 422 M/sec            |  4.73s       |     0 hits
4.97 Trillion        | 421 M/sec            |  4.74s       |     0 hits
4.97 Trillion        | 422 M/sec            |  4.74s       |     0 hits
4.98 Trillion        | 422 M/sec            |  4.74s       |     0 hits
4.98 Trillion        | 422 M/sec            |  4.73s       |     0 hits
4.98 Trillion        | 422 M/sec            |  4.73s       |     0 hits
4.98 Trillion        | 422 M/sec            |  4.73s       |     0 hits
4.98 Trillion        | 421 M/sec            |  4.74s       |     0 hits
4.99 Trillion        | 422 M/sec            |  4.74s       |     0 hits
4.99 Trillion        | 422 M/sec            |  4.73s       |     0 hits
4.99 Trillion        | 422 M/sec            |  4.74s       |     0 hits
4.99 Trillion        | 422 M/sec            |  4.73s       |     0 hits
4.99 Trillion        | 421 M/sec            |  4.74s       |     0 hits
5.00 Trillion        | 422 M/sec            |  4.73s       |     0 hits
5.00 Trillion        | 421 M/sec            |  4.74s       |     0 hits
5.00 Trillion        | 422 M/sec            |  4.74s       |     0 hits
5.00 Trillion        | 422 M/sec            |  4.73s       |     0 hits
5.00 Trillion        | 421 M/sec            |  4.74s       |     0 hits
5.01 Trillion        | 422 M/sec            |  4.73s       |     0 hits
5.01 Trillion        | 420 M/sec            |  4.75s       |     0 hits
5.01 Trillion        | 421 M/sec            |  4.74s       |     0 hits
5.01 Trillion        | 421 M/sec            |  4.74s       |     0 hits
5.01 Trillion        | 422 M/sec            |  4.73s       |     0 hits
5.02 Trillion        | 422 M/sec            |  4.73s       |     0 hits
5.02 Trillion        | 421 M/sec            |  4.74s       |     0 hits
5.02 Trillion        | 422 M/sec            |  4.73s       |     0 hits
5.02 Trillion        | 422 M/sec            |  4.73s       |     0 hits
5.02 Trillion        | 422 M/sec            |  4.73s       |     0 hits
5.03 Trillion        | 422 M/sec            |  4.74s       |     0 hits
5.03 Trillion        | 422 M/sec            |  4.74s       |     0 hits
5.03 Trillion        | 422 M/sec            |  4.73s       |     0 hits
5.03 Trillion        | 421 M/sec            |  4.74s       |     0 hits
5.03 Trillion        | 421 M/sec            |  4.74s       |     0 hits
5.04 Trillion        | 422 M/sec            |  4.73s       |     0 hits
5.04 Trillion        | 420 M/sec            |  4.75s       |     0 hits
5.04 Trillion        | 420 M/sec            |  4.75s       |     0 hits
5.04 Trillion        | 422 M/sec            |  4.73s       |     0 hits
5.04 Trillion        | 421 M/sec            |  4.75s       |     0 hits
5.05 Trillion        | 422 M/sec            |  4.73s       |     0 hits
5.05 Trillion        | 421 M/sec            |  4.74s       |     0 hits
5.05 Trillion        | 421 M/sec            |  4.74s       |     0 hits
5.05 Trillion        | 421 M/sec            |  4.74s       |     0 hits
5.05 Trillion        | 422 M/sec            |  4.74s       |     0 hits
5.06 Trillion        | 422 M/sec            |  4.73s       |     0 hits
5.06 Trillion        | 422 M/sec            |  4.73s       |     0 hits
5.06 Trillion        | 422 M/sec            |  4.74s       |     0 hits
5.06 Trillion        | 422 M/sec            |  4.73s       |     0 hits
5.06 Trillion        | 422 M/sec            |  4.73s       |     0 hits
5.07 Trillion        | 422 M/sec            |  4.73s       |     0 hits
5.07 Trillion        | 421 M/sec            |  4.74s       |     0 hits
5.07 Trillion        | 422 M/sec            |  4.73s       |     0 hits
5.07 Trillion        | 421 M/sec            |  4.74s       |     0 hits
5.07 Trillion        | 421 M/sec            |  4.74s       |     0 hits
5.08 Trillion        | 422 M/sec            |  4.73s       |     0 hits
5.08 Trillion        | 422 M/sec            |  4.73s       |     0 hits
5.08 Trillion        | 422 M/sec            |  4.73s       |     0 hits
5.08 Trillion        | 421 M/sec            |  4.74s       |     0 hits
5.08 Trillion        | 422 M/sec            |  4.73s       |     0 hits
5.09 Trillion        | 421 M/sec            |  4.74s       |     0 hits
5.09 Trillion        | 421 M/sec            |  4.74s       |     0 hits
5.09 Trillion        | 422 M/sec            |  4.73s       |     0 hits
5.09 Trillion        | 422 M/sec            |  4.73s       |     0 hits
5.09 Trillion        | 422 M/sec            |  4.73s       |     0 hits
5.10 Trillion        | 421 M/sec            |  4.74s       |     0 hits
5.10 Trillion        | 422 M/sec            |  4.73s       |     0 hits
5.10 Trillion        | 422 M/sec            |  4.73s       |     0 hits
5.10 Trillion        | 421 M/sec            |  4.74s       |     0 hits
5.10 Trillion        | 421 M/sec            |  4.74s       |     0 hits
5.11 Trillion        | 421 M/sec            |  4.74s       |     0 hits
5.11 Trillion        | 422 M/sec            |  4.73s       |     0 hits
5.11 Trillion        | 421 M/sec            |  4.74s       |     0 hits
5.11 Trillion        | 422 M/sec            |  4.73s       |     0 hits
5.11 Trillion        | 420 M/sec            |  4.75s       |     0 hits
5.12 Trillion        | 421 M/sec            |  4.74s       |     0 hits
5.12 Trillion        | 422 M/sec            |  4.73s       |     0 hits
5.12 Trillion        | 422 M/sec            |  4.74s       |     0 hits
5.12 Trillion        | 422 M/sec            |  4.73s       |     0 hits
5.12 Trillion        | 421 M/sec            |  4.74s       |     0 hits
5.13 Trillion        | 422 M/sec            |  4.73s       |     0 hits
5.13 Trillion        | 421 M/sec            |  4.75s       |     0 hits
5.13 Trillion        | 421 M/sec            |  4.74s       |     0 hits
5.13 Trillion        | 421 M/sec            |  4.74s       |     0 hits
5.13 Trillion        | 421 M/sec            |  4.74s       |     0 hits
5.14 Trillion        | 422 M/sec            |  4.73s       |     0 hits
5.14 Trillion        | 421 M/sec            |  4.74s       |     0 hits
5.14 Trillion        | 422 M/sec            |  4.73s       |     0 hits
5.14 Trillion        | 422 M/sec            |  4.73s       |     0 hits
5.14 Trillion        | 422 M/sec            |  4.73s       |     0 hits
5.15 Trillion        | 421 M/sec            |  4.74s       |     0 hits
5.15 Trillion        | 421 M/sec            |  4.74s       |     0 hits
5.15 Trillion        | 422 M/sec            |  4.73s       |     0 hits
5.15 Trillion        | 422 M/sec            |  4.73s       |     0 hits
5.15 Trillion        | 421 M/sec            |  4.74s       |     0 hits
5.16 Trillion        | 421 M/sec            |  4.74s       |     0 hits
5.16 Trillion        | 422 M/sec            |  4.73s       |     0 hits
5.16 Trillion        | 421 M/sec            |  4.74s       |     0 hits
5.16 Trillion        | 421 M/sec            |  4.74s       |     0 hits
5.16 Trillion        | 422 M/sec            |  4.73s       |     0 hits
5.17 Trillion        | 422 M/sec            |  4.73s       |     0 hits
5.17 Trillion        | 422 M/sec            |  4.73s       |     0 hits
5.17 Trillion        | 421 M/sec            |  4.74s       |     0 hits
5.17 Trillion        | 422 M/sec            |  4.73s       |     0 hits
5.17 Trillion        | 421 M/sec            |  4.74s       |     0 hits
5.18 Trillion        | 421 M/sec            |  4.74s       |     0 hits
5.18 Trillion        | 421 M/sec            |  4.74s       |     0 hits
5.18 Trillion        | 422 M/sec            |  4.73s       |     0 hits
5.18 Trillion        | 421 M/sec            |  4.74s       |     0 hits
5.18 Trillion        | 421 M/sec            |  4.74s       |     0 hits
5.19 Trillion        | 422 M/sec            |  4.73s       |     0 hits
5.19 Trillion        | 421 M/sec            |  4.74s       |     0 hits
5.19 Trillion        | 421 M/sec            |  4.74s       |     0 hits
5.19 Trillion        | 422 M/sec            |  4.74s       |     0 hits
5.19 Trillion        | 422 M/sec            |  4.73s       |     0 hits
5.20 Trillion        | 422 M/sec            |  4.73s       |     0 hits
5.20 Trillion        | 421 M/sec            |  4.74s       |     0 hits
5.20 Trillion        | 422 M/sec            |  4.73s       |     0 hits
5.20 Trillion        | 421 M/sec            |  4.74s       |     0 hits
5.20 Trillion        | 421 M/sec            |  4.74s       |     0 hits
5.21 Trillion        | 422 M/sec            |  4.73s       |     0 hits
5.21 Trillion        | 422 M/sec            |  4.73s       |     0 hits
5.21 Trillion        | 421 M/sec            |  4.74s       |     0 hits
5.21 Trillion        | 421 M/sec            |  4.74s       |     0 hits
5.21 Trillion        | 422 M/sec            |  4.73s       |     0 hits
5.22 Trillion        | 422 M/sec            |  4.73s       |     0 hits
5.22 Trillion        | 421 M/sec            |  4.74s       |     0 hits
5.22 Trillion        | 422 M/sec            |  4.73s       |     0 hits
5.22 Trillion        | 421 M/sec            |  4.74s       |     0 hits
5.22 Trillion        | 422 M/sec            |  4.73s       |     0 hits
5.23 Trillion        | 421 M/sec            |  4.74s       |     0 hits
5.23 Trillion        | 422 M/sec            |  4.74s       |     0 hits
5.23 Trillion        | 422 M/sec            |  4.73s       |     0 hits
5.23 Trillion        | 422 M/sec            |  4.73s       |     0 hits
5.23 Trillion        | 422 M/sec            |  4.73s       |     0 hits
5.24 Trillion        | 421 M/sec            |  4.74s       |     0 hits
5.24 Trillion        | 422 M/sec            |  4.73s       |     0 hits
5.24 Trillion        | 421 M/sec            |  4.74s       |     0 hits
5.24 Trillion        | 422 M/sec            |  4.73s       |     0 hits
5.24 Trillion        | 421 M/sec            |  4.74s       |     0 hits
5.25 Trillion        | 422 M/sec            |  4.74s       |     0 hits
5.25 Trillion        | 421 M/sec            |  4.74s       |     0 hits
5.25 Trillion        | 422 M/sec            |  4.73s       |     0 hits
5.25 Trillion        | 418 M/sec            |  4.78s       |     0 hits
5.25 Trillion        | 421 M/sec            |  4.74s       |     0 hits
5.26 Trillion        | 420 M/sec            |  4.75s       |     0 hits
5.26 Trillion        | 420 M/sec            |  4.76s       |     0 hits
5.26 Trillion        | 422 M/sec            |  4.73s       |     0 hits
5.26 Trillion        | 421 M/sec            |  4.75s       |     0 hits
5.26 Trillion        | 420 M/sec            |  4.75s       |     0 hits
5.27 Trillion        | 422 M/sec            |  4.73s       |     0 hits
5.27 Trillion        | 422 M/sec            |  4.73s       |     0 hits
5.27 Trillion        | 421 M/sec            |  4.74s       |     0 hits
5.27 Trillion        | 422 M/sec            |  4.73s       |     0 hits
5.27 Trillion        | 422 M/sec            |  4.73s       |     0 hits
5.28 Trillion        | 421 M/sec            |  4.74s       |     0 hits
5.28 Trillion        | 421 M/sec            |  4.74s       |     0 hits
5.28 Trillion        | 422 M/sec            |  4.73s       |     0 hits
5.28 Trillion        | 421 M/sec            |  4.74s       |     0 hits
5.28 Trillion        | 422 M/sec            |  4.73s       |     0 hits
5.29 Trillion        | 421 M/sec            |  4.74s       |     0 hits
5.29 Trillion        | 422 M/sec            |  4.73s       |     0 hits
5.29 Trillion        | 422 M/sec            |  4.74s       |     0 hits
5.29 Trillion        | 420 M/sec            |  4.75s       |     0 hits
5.29 Trillion        | 422 M/sec            |  4.74s       |     0 hits
5.30 Trillion        | 421 M/sec            |  4.74s       |     0 hits
5.30 Trillion        | 422 M/sec            |  4.73s       |     0 hits
5.30 Trillion        | 422 M/sec            |  4.73s       |     0 hits
5.30 Trillion        | 422 M/sec            |  4.73s       |     0 hits
5.30 Trillion        | 422 M/sec            |  4.73s       |     0 hits
5.31 Trillion        | 421 M/sec            |  4.74s       |     0 hits
5.31 Trillion        | 422 M/sec            |  4.73s       |     0 hits
5.31 Trillion        | 421 M/sec            |  4.74s       |     0 hits
5.31 Trillion        | 422 M/sec            |  4.73s       |     0 hits
5.31 Trillion        | 421 M/sec            |  4.74s       |     0 hits
5.32 Trillion        | 422 M/sec            |  4.73s       |     0 hits
5.32 Trillion        | 421 M/sec            |  4.74s       |     0 hits
5.32 Trillion        | 421 M/sec            |  4.74s       |     0 hits
5.32 Trillion        | 422 M/sec            |  4.73s       |     0 hits
5.32 Trillion        | 421 M/sec            |  4.74s       |     0 hits
5.33 Trillion        | 422 M/sec            |  4.73s       |     0 hits
5.33 Trillion        | 421 M/sec            |  4.74s       |     0 hits
5.33 Trillion        | 422 M/sec            |  4.73s       |     0 hits
5.33 Trillion        | 422 M/sec            |  4.73s       |     0 hits
5.33 Trillion        | 422 M/sec            |  4.73s       |     0 hits
5.34 Trillion        | 422 M/sec            |  4.73s       |     0 hits
5.34 Trillion        | 422 M/sec            |  4.73s       |     0 hits
5.34 Trillion        | 422 M/sec            |  4.73s       |     0 hits
5.34 Trillion        | 421 M/sec            |  4.74s       |     0 hits
5.34 Trillion        | 421 M/sec            |  4.74s       |     0 hits
5.35 Trillion        | 422 M/sec            |  4.73s       |     0 hits
5.35 Trillion        | 422 M/sec            |  4.73s       |     0 hits
5.35 Trillion        | 422 M/sec            |  4.74s       |     0 hits
5.35 Trillion        | 421 M/sec            |  4.74s       |     0 hits
5.35 Trillion        | 422 M/sec            |  4.73s       |     0 hits
5.36 Trillion        | 421 M/sec            |  4.74s       |     0 hits
5.36 Trillion        | 422 M/sec            |  4.73s       |     0 hits
5.36 Trillion        | 422 M/sec            |  4.73s       |     0 hits
5.36 Trillion        | 422 M/sec            |  4.73s       |     0 hits
5.36 Trillion        | 421 M/sec            |  4.74s       |     0 hits
5.37 Trillion        | 421 M/sec            |  4.74s       |     0 hits
5.37 Trillion        | 422 M/sec            |  4.73s       |     0 hits
5.37 Trillion        | 422 M/sec            |  4.73s       |     0 hits
5.37 Trillion        | 422 M/sec            |  4.73s       |     0 hits
5.37 Trillion        | 422 M/sec            |  4.73s       |     0 hits
5.38 Trillion        | 422 M/sec            |  4.73s       |     0 hits
5.38 Trillion        | 421 M/sec            |  4.74s       |     0 hits
5.38 Trillion        | 422 M/sec            |  4.74s       |     0 hits
5.38 Trillion        | 422 M/sec            |  4.73s       |     0 hits
5.38 Trillion        | 421 M/sec            |  4.74s       |     0 hits
5.39 Trillion        | 422 M/sec            |  4.73s       |     0 hits
5.39 Trillion        | 421 M/sec            |  4.74s       |     0 hits
5.39 Trillion        | 422 M/sec            |  4.73s       |     0 hits
5.39 Trillion        | 422 M/sec            |  4.73s       |     0 hits
5.39 Trillion        | 422 M/sec            |  4.73s       |     0 hits
5.40 Trillion        | 422 M/sec            |  4.74s       |     0 hits
5.40 Trillion        | 421 M/sec            |  4.74s       |     0 hits
5.40 Trillion        | 422 M/sec            |  4.73s       |     0 hits
5.40 Trillion        | 422 M/sec            |  4.73s       |     0 hits
5.40 Trillion        | 422 M/sec            |  4.73s       |     0 hits
5.41 Trillion        | 422 M/sec            |  4.73s       |     0 hits
5.41 Trillion        | 422 M/sec            |  4.73s       |     0 hits
5.41 Trillion        | 422 M/sec            |  4.73s       |     0 hits
5.41 Trillion        | 421 M/sec            |  4.74s       |     0 hits
5.41 Trillion        | 422 M/sec            |  4.73s       |     0 hits
5.42 Trillion        | 422 M/sec            |  4.73s       |     0 hits
5.42 Trillion        | 421 M/sec            |  4.74s       |     0 hits
5.42 Trillion        | 422 M/sec            |  4.73s       |     0 hits
5.42 Trillion        | 422 M/sec            |  4.74s       |     0 hits
5.42 Trillion        | 422 M/sec            |  4.73s       |     0 hits
5.43 Trillion        | 421 M/sec            |  4.74s       |     0 hits
5.43 Trillion        | 422 M/sec            |  4.73s       |     0 hits
5.43 Trillion        | 422 M/sec            |  4.73s       |     0 hits
5.43 Trillion        | 421 M/sec            |  4.74s       |     0 hits
5.43 Trillion        | 422 M/sec            |  4.73s       |     0 hits
5.44 Trillion        | 422 M/sec            |  4.73s       |     0 hits
5.44 Trillion        | 421 M/sec            |  4.74s       |     0 hits
5.44 Trillion        | 422 M/sec            |  4.73s       |     0 hits
5.44 Trillion        | 422 M/sec            |  4.73s       |     0 hits
5.44 Trillion        | 422 M/sec            |  4.73s       |     0 hits
5.45 Trillion        | 422 M/sec            |  4.73s       |     0 hits
5.45 Trillion        | 422 M/sec            |  4.73s       |     0 hits
5.45 Trillion        | 422 M/sec            |  4.73s       |     0 hits
5.45 Trillion        | 421 M/sec            |  4.74s       |     0 hits
5.45 Trillion        | 421 M/sec            |  4.74s       |     0 hits
5.46 Trillion        | 422 M/sec            |  4.73s       |     0 hits
5.46 Trillion        | 422 M/sec            |  4.73s       |     0 hits
5.46 Trillion        | 422 M/sec            |  4.73s       |     0 hits
5.46 Trillion        | 422 M/sec            |  4.74s       |     0 hits
5.46 Trillion        | 422 M/sec            |  4.73s       |     0 hits
5.47 Trillion        | 422 M/sec            |  4.73s       |     0 hits
5.47 Trillion        | 422 M/sec            |  4.73s       |     0 hits
5.47 Trillion        | 422 M/sec            |  4.73s       |     0 hits
5.47 Trillion        | 420 M/sec            |  4.75s       |     0 hits
5.47 Trillion        | 422 M/sec            |  4.73s       |     0 hits
5.48 Trillion        | 422 M/sec            |  4.73s       |     0 hits
5.48 Trillion        | 422 M/sec            |  4.73s       |     0 hits
5.48 Trillion        | 421 M/sec            |  4.74s       |     0 hits
5.48 Trillion        | 421 M/sec            |  4.74s       |     0 hits
5.48 Trillion        | 422 M/sec            |  4.73s       |     0 hits
5.49 Trillion        | 422 M/sec            |  4.74s       |     0 hits
5.49 Trillion        | 422 M/sec            |  4.73s       |     0 hits
5.49 Trillion        | 421 M/sec            |  4.74s       |     0 hits
5.49 Trillion        | 422 M/sec            |  4.73s       |     0 hits
5.49 Trillion        | 421 M/sec            |  4.74s       |     0 hits
5.50 Trillion        | 422 M/sec            |  4.73s       |     0 hits
5.50 Trillion        | 422 M/sec            |  4.73s       |     0 hits
5.50 Trillion        | 422 M/sec            |  4.73s       |     0 hits
5.50 Trillion        | 422 M/sec            |  4.73s       |     0 hits
5.50 Trillion        | 422 M/sec            |  4.74s       |     0 hits
5.51 Trillion        | 422 M/sec            |  4.73s       |     0 hits
5.51 Trillion        | 422 M/sec            |  4.73s       |     0 hits
5.51 Trillion        | 422 M/sec            |  4.73s       |     0 hits
5.51 Trillion        | 422 M/sec            |  4.73s       |     0 hits
5.51 Trillion        | 422 M/sec            |  4.73s       |     0 hits
5.52 Trillion        | 422 M/sec            |  4.73s       |     0 hits
5.52 Trillion        | 421 M/sec            |  4.74s       |     0 hits
5.52 Trillion        | 422 M/sec            |  4.73s       |     0 hits
5.52 Trillion        | 422 M/sec            |  4.73s       |     0 hits
5.52 Trillion        | 422 M/sec            |  4.73s       |     0 hits
5.53 Trillion        | 421 M/sec            |  4.74s       |     0 hits
5.53 Trillion        | 422 M/sec            |  4.73s       |     0 hits
5.53 Trillion        | 422 M/sec            |  4.73s       |     0 hits
5.53 Trillion        | 422 M/sec            |  4.73s       |     0 hits
5.53 Trillion        | 422 M/sec            |  4.73s       |     0 hits
5.54 Trillion        | 422 M/sec            |  4.74s       |     0 hits
5.54 Trillion        | 422 M/sec            |  4.73s       |     0 hits
5.54 Trillion        | 422 M/sec            |  4.74s       |     0 hits
5.54 Trillion        | 419 M/sec            |  4.76s       |     0 hits
5.54 Trillion        | 419 M/sec            |  4.76s       |     0 hits
5.55 Trillion        | 421 M/sec            |  4.74s       |     0 hits
5.55 Trillion        | 420 M/sec            |  4.75s       |     0 hits
5.55 Trillion        | 422 M/sec            |  4.73s       |     0 hits
5.55 Trillion        | 422 M/sec            |  4.73s       |     0 hits
5.55 Trillion        | 422 M/sec            |  4.73s       |     0 hits
5.56 Trillion        | 422 M/sec            |  4.73s       |     0 hits
5.56 Trillion        | 423 M/sec            |  4.72s       |     0 hits
5.56 Trillion        | 422 M/sec            |  4.73s       |     0 hits
5.56 Trillion        | 422 M/sec            |  4.73s       |     0 hits
5.56 Trillion        | 422 M/sec            |  4.73s       |     0 hits
5.57 Trillion        | 423 M/sec            |  4.72s       |     0 hits
5.57 Trillion        | 422 M/sec            |  4.73s       |     0 hits
5.57 Trillion        | 422 M/sec            |  4.73s       |     0 hits
5.57 Trillion        | 422 M/sec            |  4.73s       |     0 hits
5.57 Trillion        | 422 M/sec            |  4.73s       |     0 hits
5.58 Trillion        | 422 M/sec            |  4.73s       |     0 hits
5.58 Trillion        | 422 M/sec            |  4.74s       |     0 hits
5.58 Trillion        | 422 M/sec            |  4.73s       |     0 hits
5.58 Trillion        | 422 M/sec            |  4.73s       |     0 hits
5.58 Trillion        | 422 M/sec            |  4.73s       |     0 hits
5.58 Trillion        | 422 M/sec            |  4.73s       |     0 hits
5.59 Trillion        | 422 M/sec            |  4.73s       |     0 hits
5.59 Trillion        | 422 M/sec            |  4.73s       |     0 hits
5.59 Trillion        | 422 M/sec            |  4.73s       |     0 hits
5.59 Trillion        | 422 M/sec            |  4.73s       |     0 hits
5.59 Trillion        | 421 M/sec            |  4.74s       |     0 hits
5.60 Trillion        | 422 M/sec            |  4.74s       |     0 hits
5.60 Trillion        | 422 M/sec            |  4.73s       |     0 hits
5.60 Trillion        | 421 M/sec            |  4.74s       |     0 hits
5.60 Trillion        | 422 M/sec            |  4.73s       |     0 hits
5.60 Trillion        | 422 M/sec            |  4.74s       |     0 hits
5.61 Trillion        | 422 M/sec            |  4.73s       |     0 hits
5.61 Trillion        | 422 M/sec            |  4.73s       |     0 hits
5.61 Trillion        | 422 M/sec            |  4.73s       |     0 hits
5.61 Trillion        | 421 M/sec            |  4.74s       |     0 hits
5.61 Trillion        | 422 M/sec            |  4.73s       |     0 hits
5.62 Trillion        | 422 M/sec            |  4.73s       |     0 hits
5.62 Trillion        | 422 M/sec            |  4.73s       |     0 hits
5.62 Trillion        | 423 M/sec            |  4.72s       |     0 hits
5.62 Trillion        | 421 M/sec            |  4.74s       |     0 hits
5.62 Trillion        | 422 M/sec            |  4.73s       |     0 hits
5.63 Trillion        | 422 M/sec            |  4.73s       |     0 hits
5.63 Trillion        | 422 M/sec            |  4.73s       |     0 hits
5.63 Trillion        | 420 M/sec            |  4.75s       |     0 hits
5.63 Trillion        | 422 M/sec            |  4.73s       |     0 hits
5.63 Trillion        | 421 M/sec            |  4.74s       |     0 hits
5.64 Trillion        | 421 M/sec            |  4.74s       |     0 hits
5.64 Trillion        | 422 M/sec            |  4.74s       |     0 hits
5.64 Trillion        | 422 M/sec            |  4.73s       |     0 hits
5.64 Trillion        | 422 M/sec            |  4.73s       |     0 hits
5.64 Trillion        | 422 M/sec            |  4.73s       |     0 hits
5.65 Trillion        | 422 M/sec            |  4.73s       |     0 hits
5.65 Trillion        | 422 M/sec            |  4.73s       |     0 hits
5.65 Trillion        | 422 M/sec            |  4.73s       |     0 hits
5.65 Trillion        | 421 M/sec            |  4.74s       |     0 hits
5.65 Trillion        | 422 M/sec            |  4.73s       |     0 hits
5.66 Trillion        | 422 M/sec            |  4.73s       |     0 hits
5.66 Trillion        | 422 M/sec            |  4.73s       |     0 hits
5.66 Trillion        | 422 M/sec            |  4.73s       |     0 hits
5.66 Trillion        | 422 M/sec            |  4.73s       |     0 hits
5.66 Trillion        | 422 M/sec            |  4.73s       |     0 hits
5.67 Trillion        | 422 M/sec            |  4.73s       |     0 hits
5.67 Trillion        | 421 M/sec            |  4.74s       |     0 hits
5.67 Trillion        | 421 M/sec            |  4.74s       |     0 hits
5.67 Trillion        | 422 M/sec            |  4.74s       |     0 hits
5.67 Trillion        | 421 M/sec            |  4.74s       |     0 hits
5.68 Trillion        | 421 M/sec            |  4.74s       |     0 hits
5.68 Trillion        | 422 M/sec            |  4.73s       |     0 hits
5.68 Trillion        | 422 M/sec            |  4.73s       |     0 hits
5.68 Trillion        | 421 M/sec            |  4.74s       |     0 hits
5.68 Trillion        | 422 M/sec            |  4.73s       |     0 hits
5.69 Trillion        | 422 M/sec            |  4.73s       |     0 hits
5.69 Trillion        | 421 M/sec            |  4.74s       |     0 hits
5.69 Trillion        | 422 M/sec            |  4.74s       |     0 hits
5.69 Trillion        | 421 M/sec            |  4.74s       |     0 hits
5.69 Trillion        | 422 M/sec            |  4.73s       |     0 hits
5.70 Trillion        | 422 M/sec            |  4.73s       |     0 hits
5.70 Trillion        | 422 M/sec            |  4.73s       |     0 hits
5.70 Trillion        | 422 M/sec            |  4.73s       |     0 hits
5.70 Trillion        | 422 M/sec            |  4.73s       |     0 hits
5.70 Trillion        | 422 M/sec            |  4.73s       |     0 hits
5.71 Trillion        | 421 M/sec            |  4.74s       |     0 hits
5.71 Trillion        | 422 M/sec            |  4.73s       |     0 hits
5.71 Trillion        | 421 M/sec            |  4.74s       |     0 hits
5.71 Trillion        | 422 M/sec            |  4.73s       |     0 hits
5.71 Trillion        | 422 M/sec            |  4.73s       |     0 hits
5.72 Trillion        | 421 M/sec            |  4.74s       |     0 hits
5.72 Trillion        | 422 M/sec            |  4.73s       |     0 hits
5.72 Trillion        | 421 M/sec            |  4.74s       |     0 hits
5.72 Trillion        | 422 M/sec            |  4.73s       |     0 hits
5.72 Trillion        | 421 M/sec            |  4.74s       |     0 hits
5.73 Trillion        | 421 M/sec            |  4.74s       |     0 hits
5.73 Trillion        | 422 M/sec            |  4.74s       |     0 hits
5.73 Trillion        | 421 M/sec            |  4.74s       |     0 hits
5.73 Trillion        | 422 M/sec            |  4.73s       |     0 hits
5.73 Trillion        | 422 M/sec            |  4.73s       |     0 hits
5.74 Trillion        | 422 M/sec            |  4.73s       |     0 hits
5.74 Trillion        | 421 M/sec            |  4.74s       |     0 hits
5.74 Trillion        | 422 M/sec            |  4.73s       |     0 hits
5.74 Trillion        | 421 M/sec            |  4.74s       |     0 hits
5.74 Trillion        | 421 M/sec            |  4.74s       |     0 hits
5.75 Trillion        | 422 M/sec            |  4.73s       |     0 hits
5.75 Trillion        | 422 M/sec            |  4.74s       |     0 hits
5.75 Trillion        | 422 M/sec            |  4.73s       |     0 hits
5.75 Trillion        | 421 M/sec            |  4.74s       |     0 hits
5.75 Trillion        | 422 M/sec            |  4.73s       |     0 hits
5.76 Trillion        | 417 M/sec            |  4.78s       |     0 hits
5.76 Trillion        | 421 M/sec            |  4.74s       |     0 hits
5.76 Trillion        | 422 M/sec            |  4.73s       |     0 hits
5.76 Trillion        | 421 M/sec            |  4.74s       |     0 hits
5.76 Trillion        | 421 M/sec            |  4.74s       |     0 hits
5.77 Trillion        | 421 M/sec            |  4.74s       |     0 hits
5.77 Trillion        | 421 M/sec            |  4.74s       |     0 hits
5.77 Trillion        | 421 M/sec            |  4.74s       |     0 hits
5.77 Trillion        | 421 M/sec            |  4.74s       |     0 hits
5.77 Trillion        | 421 M/sec            |  4.74s       |     0 hits
5.78 Trillion        | 421 M/sec            |  4.74s       |     0 hits
5.78 Trillion        | 422 M/sec            |  4.73s       |     0 hits
5.78 Trillion        | 422 M/sec            |  4.73s       |     0 hits
5.78 Trillion        | 422 M/sec            |  4.73s       |     0 hits
5.78 Trillion        | 422 M/sec            |  4.73s       |     0 hits
5.79 Trillion        | 422 M/sec            |  4.73s       |     0 hits
5.79 Trillion        | 422 M/sec            |  4.73s       |     0 hits
5.79 Trillion        | 422 M/sec            |  4.73s       |     0 hits
5.79 Trillion        | 422 M/sec            |  4.73s       |     0 hits
5.79 Trillion        | 422 M/sec            |  4.73s       |     0 hits
5.80 Trillion        | 422 M/sec            |  4.73s       |     0 hits
5.80 Trillion        | 422 M/sec            |  4.73s       |     0 hits
5.80 Trillion        | 422 M/sec            |  4.72s       |     0 hits
5.80 Trillion        | 422 M/sec            |  4.73s       |     0 hits
5.80 Trillion        | 422 M/sec            |  4.73s       |     0 hits
5.81 Trillion        | 422 M/sec            |  4.73s       |     0 hits
5.81 Trillion        | 422 M/sec            |  4.73s       |     0 hits
5.81 Trillion        | 422 M/sec            |  4.73s       |     0 hits
5.81 Trillion        | 422 M/sec            |  4.73s       |     0 hits
5.81 Trillion        | 422 M/sec            |  4.72s       |     0 hits
5.82 Trillion        | 422 M/sec            |  4.73s       |     0 hits
5.82 Trillion        | 421 M/sec            |  4.74s       |     0 hits
5.82 Trillion        | 422 M/sec            |  4.73s       |     0 hits
5.82 Trillion        | 422 M/sec            |  4.73s       |     0 hits
5.82 Trillion        | 423 M/sec            |  4.72s       |     0 hits
5.83 Trillion        | 422 M/sec            |  4.73s       |     0 hits
5.83 Trillion        | 422 M/sec            |  4.73s       |     0 hits
5.83 Trillion        | 422 M/sec            |  4.73s       |     0 hits
5.83 Trillion        | 420 M/sec            |  4.76s       |     0 hits
5.83 Trillion        | 419 M/sec            |  4.76s       |     0 hits
5.84 Trillion        | 421 M/sec            |  4.74s       |     0 hits
5.84 Trillion        | 420 M/sec            |  4.75s       |     0 hits
5.84 Trillion        | 422 M/sec            |  4.73s       |     0 hits
5.84 Trillion        | 423 M/sec            |  4.72s       |     0 hits
5.84 Trillion        | 422 M/sec            |  4.73s       |     0 hits
5.85 Trillion        | 422 M/sec            |  4.73s       |     0 hits
5.85 Trillion        | 422 M/sec            |  4.73s       |     0 hits
5.85 Trillion        | 422 M/sec            |  4.73s       |     0 hits
5.85 Trillion        | 423 M/sec            |  4.72s       |     0 hits
5.85 Trillion        | 422 M/sec            |  4.73s       |     0 hits
5.86 Trillion        | 422 M/sec            |  4.73s       |     0 hits
5.86 Trillion        | 422 M/sec            |  4.73s       |     0 hits
5.86 Trillion        | 422 M/sec            |  4.73s       |     0 hits
5.86 Trillion        | 422 M/sec            |  4.73s       |     0 hits
5.86 Trillion        | 422 M/sec            |  4.73s       |     0 hits
5.87 Trillion        | 422 M/sec            |  4.73s       |     0 hits
5.87 Trillion        | 422 M/sec            |  4.73s       |     0 hits
5.87 Trillion        | 422 M/sec            |  4.73s       |     0 hits
5.87 Trillion        | 422 M/sec            |  4.73s       |     0 hits
5.87 Trillion        | 422 M/sec            |  4.73s       |     0 hits
5.88 Trillion        | 422 M/sec            |  4.73s       |     0 hits
5.88 Trillion        | 422 M/sec            |  4.73s       |     0 hits
5.88 Trillion        | 423 M/sec            |  4.72s       |     0 hits
5.88 Trillion        | 422 M/sec            |  4.73s       |     0 hits
5.88 Trillion        | 422 M/sec            |  4.72s       |     0 hits
5.89 Trillion        | 422 M/sec            |  4.73s       |     0 hits
5.89 Trillion        | 422 M/sec            |  4.73s       |     0 hits
5.89 Trillion        | 422 M/sec            |  4.73s       |     0 hits
5.89 Trillion        | 422 M/sec            |  4.73s       |     0 hits
5.89 Trillion        | 423 M/sec            |  4.72s       |     0 hits
5.90 Trillion        | 422 M/sec            |  4.73s       |     0 hits
5.90 Trillion        | 422 M/sec            |  4.73s       |     0 hits
5.90 Trillion        | 422 M/sec            |  4.73s       |     0 hits
5.90 Trillion        | 423 M/sec            |  4.72s       |     0 hits
5.90 Trillion        | 422 M/sec            |  4.73s       |     0 hits
5.91 Trillion        | 422 M/sec            |  4.73s       |     0 hits
5.91 Trillion        | 423 M/sec            |  4.72s       |     0 hits
5.91 Trillion        | 422 M/sec            |  4.73s       |     0 hits
5.91 Trillion        | 422 M/sec            |  4.73s       |     0 hits
5.91 Trillion        | 422 M/sec            |  4.73s       |     0 hits
5.92 Trillion        | 422 M/sec            |  4.73s       |     0 hits
5.92 Trillion        | 422 M/sec            |  4.73s       |     0 hits
5.92 Trillion        | 422 M/sec            |  4.73s       |     0 hits
5.92 Trillion        | 422 M/sec            |  4.73s       |     0 hits
5.92 Trillion        | 422 M/sec            |  4.73s       |     0 hits
5.93 Trillion        | 422 M/sec            |  4.73s       |     0 hits
5.93 Trillion        | 422 M/sec            |  4.73s       |     0 hits
5.93 Trillion        | 422 M/sec            |  4.73s       |     0 hits
5.93 Trillion        | 422 M/sec            |  4.73s       |     0 hits
5.93 Trillion        | 422 M/sec            |  4.73s       |     0 hits
5.94 Trillion        | 422 M/sec            |  4.73s       |     0 hits
5.94 Trillion        | 422 M/sec            |  4.73s       |     0 hits
5.94 Trillion        | 422 M/sec            |  4.73s       |     0 hits
5.94 Trillion        | 422 M/sec            |  4.73s       |     0 hits
5.94 Trillion        | 422 M/sec            |  4.73s       |     0 hits
5.95 Trillion        | 422 M/sec            |  4.73s       |     0 hits
5.95 Trillion        | 422 M/sec            |  4.73s       |     0 hits
5.95 Trillion        | 422 M/sec            |  4.73s       |     0 hits
5.95 Trillion        | 422 M/sec            |  4.73s       |     0 hits
5.95 Trillion        | 422 M/sec            |  4.73s       |     0 hits
5.96 Trillion        | 422 M/sec            |  4.73s       |     0 hits
5.96 Trillion        | 422 M/sec            |  4.73s       |     0 hits
5.96 Trillion        | 421 M/sec            |  4.74s       |     0 hits
5.96 Trillion        | 422 M/sec            |  4.73s       |     0 hits
5.96 Trillion        | 422 M/sec            |  4.73s       |     0 hits
5.97 Trillion        | 422 M/sec            |  4.73s       |     0 hits
5.97 Trillion        | 422 M/sec            |  4.73s       |     0 hits
5.97 Trillion        | 422 M/sec            |  4.73s       |     0 hits
5.97 Trillion        | 423 M/sec            |  4.72s       |     0 hits
5.97 Trillion        | 422 M/sec            |  4.73s       |     0 hits
5.98 Trillion        | 422 M/sec            |  4.73s       |     0 hits
5.98 Trillion        | 422 M/sec            |  4.73s       |     0 hits
5.98 Trillion        | 422 M/sec            |  4.73s       |     0 hits
5.98 Trillion        | 423 M/sec            |  4.72s       |     0 hits
5.98 Trillion        | 422 M/sec            |  4.73s       |     0 hits
5.99 Trillion        | 423 M/sec            |  4.72s       |     0 hits
5.99 Trillion        | 422 M/sec            |  4.73s       |     0 hits
5.99 Trillion        | 422 M/sec            |  4.72s       |     0 hits
5.99 Trillion        | 422 M/sec            |  4.73s       |     0 hits
5.99 Trillion        | 422 M/sec            |  4.73s       |     0 hits
6.00 Trillion        | 423 M/sec            |  4.72s       |     0 hits
6.00 Trillion        | 422 M/sec            |  4.73s       |     0 hits
6.00 Trillion        | 422 M/sec            |  4.73s       |     0 hits
6.00 Trillion        | 422 M/sec            |  4.73s       |     0 hits
6.00 Trillion        | 423 M/sec            |  4.72s       |     0 hits
6.01 Trillion        | 422 M/sec            |  4.73s       |     0 hits
6.01 Trillion        | 422 M/sec            |  4.73s       |     0 hits
6.01 Trillion        | 422 M/sec            |  4.73s       |     0 hits
6.01 Trillion        | 421 M/sec            |  4.74s       |     0 hits
6.01 Trillion        | 422 M/sec            |  4.73s       |     0 hits
6.02 Trillion        | 422 M/sec            |  4.73s       |     0 hits
6.02 Trillion        | 422 M/sec            |  4.72s       |     0 hits
6.02 Trillion        | 422 M/sec            |  4.73s       |     0 hits
6.02 Trillion        | 423 M/sec            |  4.72s       |     0 hits
6.02 Trillion        | 422 M/sec            |  4.73s       |     0 hits
6.03 Trillion        | 422 M/sec            |  4.73s       |     0 hits
6.03 Trillion        | 423 M/sec            |  4.72s       |     0 hits
6.03 Trillion        | 422 M/sec            |  4.73s       |     0 hits
6.03 Trillion        | 423 M/sec            |  4.72s       |     0 hits
6.03 Trillion        | 422 M/sec            |  4.73s       |     0 hits
6.04 Trillion        | 422 M/sec            |  4.72s       |     0 hits
6.04 Trillion        | 422 M/sec            |  4.73s       |     0 hits
6.04 Trillion        | 422 M/sec            |  4.73s       |     0 hits
6.04 Trillion        | 423 M/sec            |  4.72s       |     0 hits
6.04 Trillion        | 421 M/sec            |  4.74s       |     0 hits
6.05 Trillion        | 422 M/sec            |  4.73s       |     0 hits
6.05 Trillion        | 422 M/sec            |  4.73s       |     0 hits
6.05 Trillion        | 422 M/sec            |  4.73s       |     0 hits
6.05 Trillion        | 422 M/sec            |  4.73s       |     0 hits
6.05 Trillion        | 422 M/sec            |  4.73s       |     0 hits
6.06 Trillion        | 423 M/sec            |  4.72s       |     0 hits
6.06 Trillion        | 422 M/sec            |  4.73s       |     0 hits
6.06 Trillion        | 422 M/sec            |  4.72s       |     0 hits
6.06 Trillion        | 422 M/sec            |  4.73s       |     0 hits
6.06 Trillion        | 423 M/sec            |  4.72s       |     0 hits
6.07 Trillion        | 422 M/sec            |  4.73s       |     0 hits
6.07 Trillion        | 422 M/sec            |  4.73s       |     0 hits
6.07 Trillion        | 423 M/sec            |  4.72s       |     0 hits
6.07 Trillion        | 422 M/sec            |  4.73s       |     0 hits
6.07 Trillion        | 422 M/sec            |  4.73s       |     0 hits
6.08 Trillion        | 422 M/sec            |  4.73s       |     0 hits
6.08 Trillion        | 422 M/sec            |  4.73s       |     0 hits
6.08 Trillion        | 421 M/sec            |  4.74s       |     0 hits
6.08 Trillion        | 422 M/sec            |  4.73s       |     0 hits
6.08 Trillion        | 421 M/sec            |  4.75s       |     0 hits
6.09 Trillion        | 422 M/sec            |  4.73s       |     0 hits
6.09 Trillion        | 421 M/sec            |  4.74s       |     0 hits
6.09 Trillion        | 422 M/sec            |  4.73s       |     0 hits
6.09 Trillion        | 422 M/sec            |  4.72s       |     0 hits
6.09 Trillion        | 422 M/sec            |  4.73s       |     0 hits
6.10 Trillion        | 423 M/sec            |  4.72s       |     0 hits
6.10 Trillion        | 421 M/sec            |  4.74s       |     0 hits
6.10 Trillion        | 422 M/sec            |  4.74s       |     0 hits
6.10 Trillion        | 423 M/sec            |  4.72s       |     0 hits
6.10 Trillion        | 422 M/sec            |  4.73s       |     0 hits
6.11 Trillion        | 423 M/sec            |  4.72s       |     0 hits
6.11 Trillion        | 422 M/sec            |  4.73s       |     0 hits
6.11 Trillion        | 422 M/sec            |  4.73s       |     0 hits
6.11 Trillion        | 422 M/sec            |  4.73s       |     0 hits
6.11 Trillion        | 422 M/sec            |  4.73s       |     0 hits
6.12 Trillion        | 422 M/sec            |  4.73s       |     0 hits
6.12 Trillion        | 422 M/sec            |  4.73s       |     0 hits
6.12 Trillion        | 419 M/sec            |  4.76s       |     0 hits
6.12 Trillion        | 419 M/sec            |  4.77s       |     0 hits
6.12 Trillion        | 420 M/sec            |  4.75s       |     0 hits
6.13 Trillion        | 420 M/sec            |  4.75s       |     0 hits
6.13 Trillion        | 422 M/sec            |  4.73s       |     0 hits
6.13 Trillion        | 422 M/sec            |  4.73s       |     0 hits
6.13 Trillion        | 422 M/sec            |  4.73s       |     0 hits
6.13 Trillion        | 422 M/sec            |  4.73s       |     0 hits
6.14 Trillion        | 422 M/sec            |  4.73s       |     0 hits
6.14 Trillion        | 422 M/sec            |  4.73s       |     0 hits
6.14 Trillion        | 422 M/sec            |  4.73s       |     0 hits
6.14 Trillion        | 422 M/sec            |  4.73s       |     0 hits
6.14 Trillion        | 422 M/sec            |  4.73s       |     0 hits
6.15 Trillion        | 422 M/sec            |  4.73s       |     0 hits
6.15 Trillion        | 423 M/sec            |  4.72s       |     0 hits
6.15 Trillion        | 422 M/sec            |  4.73s       |     0 hits
6.15 Trillion        | 422 M/sec            |  4.73s       |     0 hits
6.15 Trillion        | 422 M/sec            |  4.73s       |     0 hits
6.16 Trillion        | 422 M/sec            |  4.73s       |     0 hits
6.16 Trillion        | 422 M/sec            |  4.73s       |     0 hits
6.16 Trillion        | 422 M/sec            |  4.73s       |     0 hits
6.16 Trillion        | 422 M/sec            |  4.73s       |     0 hits
6.16 Trillion        | 422 M/sec            |  4.73s       |     0 hits
6.17 Trillion        | 423 M/sec            |  4.72s       |     0 hits
6.17 Trillion        | 422 M/sec            |  4.73s       |     0 hits
6.17 Trillion        | 422 M/sec            |  4.73s       |     0 hits
6.17 Trillion        | 422 M/sec            |  4.73s       |     0 hits
6.17 Trillion        | 422 M/sec            |  4.73s       |     0 hits
6.18 Trillion        | 422 M/sec            |  4.72s       |     0 hits
6.18 Trillion        | 422 M/sec            |  4.73s       |     0 hits
6.18 Trillion        | 422 M/sec            |  4.73s       |     0 hits
6.18 Trillion        | 422 M/sec            |  4.73s       |     0 hits
6.18 Trillion        | 422 M/sec            |  4.73s       |     0 hits
6.19 Trillion        | 422 M/sec            |  4.73s       |     0 hits
6.19 Trillion        | 422 M/sec            |  4.73s       |     0 hits
6.19 Trillion        | 422 M/sec            |  4.73s       |     0 hits
6.19 Trillion        | 422 M/sec            |  4.73s       |     0 hits
6.19 Trillion        | 422 M/sec            |  4.73s       |     0 hits
6.20 Trillion        | 422 M/sec            |  4.73s       |     0 hits
6.20 Trillion        | 422 M/sec            |  4.73s       |     0 hits
6.20 Trillion        | 422 M/sec            |  4.73s       |     0 hits
6.20 Trillion        | 422 M/sec            |  4.73s       |     0 hits
6.20 Trillion        | 422 M/sec            |  4.73s       |     0 hits
6.21 Trillion        | 422 M/sec            |  4.73s       |     0 hits
6.21 Trillion        | 423 M/sec            |  4.72s       |     0 hits
6.21 Trillion        | 422 M/sec            |  4.73s       |     0 hits
6.21 Trillion        | 422 M/sec            |  4.73s       |     0 hits
6.21 Trillion        | 422 M/sec            |  4.73s       |     0 hits
6.22 Trillion        | 422 M/sec            |  4.73s       |     0 hits
6.22 Trillion        | 422 M/sec            |  4.73s       |     0 hits
6.22 Trillion        | 422 M/sec            |  4.73s       |     0 hits
6.22 Trillion        | 422 M/sec            |  4.73s       |     0 hits
6.22 Trillion        | 422 M/sec            |  4.73s       |     0 hits
6.23 Trillion        | 422 M/sec            |  4.73s       |     0 hits
6.23 Trillion        | 422 M/sec            |  4.73s       |     0 hits
6.23 Trillion        | 422 M/sec            |  4.73s       |     0 hits
6.23 Trillion        | 422 M/sec            |  4.73s       |     0 hits
6.23 Trillion        | 422 M/sec            |  4.73s       |     0 hits
6.24 Trillion        | 423 M/sec            |  4.72s       |     0 hits
6.24 Trillion        | 422 M/sec            |  4.73s       |     0 hits
6.24 Trillion        | 422 M/sec            |  4.73s       |     0 hits
6.24 Trillion        | 422 M/sec            |  4.73s       |     0 hits
6.24 Trillion        | 422 M/sec            |  4.73s       |     0 hits
6.25 Trillion        | 422 M/sec            |  4.73s       |     0 hits
6.25 Trillion        | 422 M/sec            |  4.73s       |     0 hits
6.25 Trillion        | 422 M/sec            |  4.73s       |     0 hits
6.25 Trillion        | 422 M/sec            |  4.73s       |     0 hits
6.25 Trillion        | 422 M/sec            |  4.73s       |     0 hits
6.26 Trillion        | 422 M/sec            |  4.73s       |     0 hits
6.26 Trillion        | 422 M/sec            |  4.73s       |     0 hits
6.26 Trillion        | 422 M/sec            |  4.73s       |     0 hits
6.26 Trillion        | 422 M/sec            |  4.73s       |     0 hits
6.26 Trillion        | 422 M/sec            |  4.73s       |     0 hits
6.27 Trillion        | 422 M/sec            |  4.73s       |     0 hits
6.27 Trillion        | 422 M/sec            |  4.73s       |     0 hits
6.27 Trillion        | 422 M/sec            |  4.73s       |     0 hits
6.27 Trillion        | 422 M/sec            |  4.73s       |     0 hits
6.27 Trillion        | 422 M/sec            |  4.73s       |     0 hits
6.28 Trillion        | 422 M/sec            |  4.73s       |     0 hits
6.28 Trillion        | 422 M/sec            |  4.73s       |     0 hits
6.28 Trillion        | 421 M/sec            |  4.74s       |     0 hits
6.28 Trillion        | 422 M/sec            |  4.73s       |     0 hits
6.28 Trillion        | 422 M/sec            |  4.73s       |     0 hits
6.29 Trillion        | 422 M/sec            |  4.73s       |     0 hits
6.29 Trillion        | 421 M/sec            |  4.74s       |     0 hits
6.29 Trillion        | 422 M/sec            |  4.73s       |     0 hits
6.29 Trillion        | 421 M/sec            |  4.74s       |     0 hits
6.29 Trillion        | 422 M/sec            |  4.73s       |     0 hits
6.30 Trillion        | 422 M/sec            |  4.73s       |     0 hits
6.30 Trillion        | 422 M/sec            |  4.73s       |     0 hits
6.30 Trillion        | 422 M/sec            |  4.73s       |     0 hits
6.30 Trillion        | 422 M/sec            |  4.73s       |     0 hits
6.30 Trillion        | 422 M/sec            |  4.73s       |     0 hits
6.31 Trillion        | 422 M/sec            |  4.73s       |     0 hits
6.31 Trillion        | 422 M/sec            |  4.73s       |     0 hits
6.31 Trillion        | 422 M/sec            |  4.73s       |     0 hits
6.31 Trillion        | 422 M/sec            |  4.73s       |     0 hits
6.31 Trillion        | 422 M/sec            |  4.73s       |     0 hits
6.32 Trillion        | 422 M/sec            |  4.73s       |     0 hits
6.32 Trillion        | 422 M/sec            |  4.73s       |     0 hits
6.32 Trillion        | 422 M/sec            |  4.73s       |     0 hits
6.32 Trillion        | 421 M/sec            |  4.75s       |     0 hits
6.32 Trillion        | 422 M/sec            |  4.73s       |     0 hits
6.33 Trillion        | 421 M/sec            |  4.74s       |     0 hits
6.33 Trillion        | 422 M/sec            |  4.73s       |     0 hits
6.33 Trillion        | 422 M/sec            |  4.74s       |     0 hits
6.33 Trillion        | 422 M/sec            |  4.73s       |     0 hits
6.33 Trillion        | 422 M/sec            |  4.73s       |     0 hits
6.34 Trillion        | 422 M/sec            |  4.73s       |     0 hits
6.34 Trillion        | 422 M/sec            |  4.73s       |     0 hits
6.34 Trillion        | 422 M/sec            |  4.73s       |     0 hits
6.34 Trillion        | 422 M/sec            |  4.73s       |     0 hits
6.34 Trillion        | 422 M/sec            |  4.73s       |     0 hits
6.35 Trillion        | 422 M/sec            |  4.73s       |     0 hits
6.35 Trillion        | 422 M/sec            |  4.73s       |     0 hits
6.35 Trillion        | 422 M/sec            |  4.73s       |     0 hits
6.35 Trillion        | 422 M/sec            |  4.73s       |     0 hits
6.35 Trillion        | 422 M/sec            |  4.73s       |     0 hits
6.36 Trillion        | 422 M/sec            |  4.73s       |     0 hits
6.36 Trillion        | 422 M/sec            |  4.73s       |     0 hits
6.36 Trillion        | 422 M/sec            |  4.73s       |     0 hits
6.36 Trillion        | 421 M/sec            |  4.74s       |     0 hits
6.36 Trillion        | 422 M/sec            |  4.73s       |     0 hits
6.37 Trillion        | 421 M/sec            |  4.74s       |     0 hits
6.37 Trillion        | 422 M/sec            |  4.73s       |     0 hits
6.37 Trillion        | 422 M/sec            |  4.73s       |     0 hits
6.37 Trillion        | 421 M/sec            |  4.74s       |     0 hits
6.37 Trillion        | 422 M/sec            |  4.73s       |     0 hits
6.38 Trillion        | 422 M/sec            |  4.73s       |     0 hits
6.38 Trillion        | 422 M/sec            |  4.73s       |     0 hits
6.38 Trillion        | 422 M/sec            |  4.73s       |     0 hits
6.38 Trillion        | 422 M/sec            |  4.73s       |     0 hits
6.38 Trillion        | 422 M/sec            |  4.73s       |     0 hits
6.39 Trillion        | 422 M/sec            |  4.73s       |     0 hits
6.39 Trillion        | 422 M/sec            |  4.73s       |     0 hits
6.39 Trillion        | 422 M/sec            |  4.73s       |     0 hits
6.39 Trillion        | 422 M/sec            |  4.72s       |     0 hits
6.39 Trillion        | 422 M/sec            |  4.73s       |     0 hits
6.40 Trillion        | 422 M/sec            |  4.73s       |     0 hits
6.40 Trillion        | 423 M/sec            |  4.72s       |     0 hits
6.40 Trillion        | 422 M/sec            |  4.73s       |     0 hits
6.40 Trillion        | 422 M/sec            |  4.73s       |     0 hits
6.40 Trillion        | 422 M/sec            |  4.73s       |     0 hits
6.41 Trillion        | 422 M/sec            |  4.73s       |     0 hits
6.41 Trillion        | 422 M/sec            |  4.73s       |     0 hits
6.41 Trillion        | 419 M/sec            |  4.77s       |     0 hits
6.41 Trillion        | 419 M/sec            |  4.76s       |     0 hits
6.41 Trillion        | 419 M/sec            |  4.76s       |     0 hits
6.42 Trillion        | 422 M/sec            |  4.73s       |     0 hits
6.42 Trillion        | 422 M/sec            |  4.73s       |     0 hits
6.42 Trillion        | 423 M/sec            |  4.72s       |     0 hits
6.42 Trillion        | 422 M/sec            |  4.73s       |     0 hits
6.42 Trillion        | 422 M/sec            |  4.73s       |     0 hits
6.43 Trillion        | 422 M/sec            |  4.73s       |     0 hits
6.43 Trillion        | 422 M/sec            |  4.73s       |     0 hits
6.43 Trillion        | 422 M/sec            |  4.73s       |     0 hits
6.43 Trillion        | 422 M/sec            |  4.73s       |     0 hits
6.43 Trillion        | 422 M/sec            |  4.73s       |     0 hits
6.44 Trillion        | 422 M/sec            |  4.73s       |     0 hits
6.44 Trillion        | 422 M/sec            |  4.73s       |     0 hits
6.44 Trillion        | 422 M/sec            |  4.73s       |     0 hits
6.44 Trillion        | 422 M/sec            |  4.73s       |     0 hits
6.44 Trillion        | 422 M/sec            |  4.73s       |     0 hits
6.45 Trillion        | 422 M/sec            |  4.73s       |     0 hits
6.45 Trillion        | 423 M/sec            |  4.72s       |     0 hits
6.45 Trillion        | 422 M/sec            |  4.73s       |     0 hits
6.45 Trillion        | 422 M/sec            |  4.73s       |     0 hits
6.45 Trillion        | 422 M/sec            |  4.73s       |     0 hits
6.46 Trillion        | 422 M/sec            |  4.73s       |     0 hits
6.46 Trillion        | 422 M/sec            |  4.73s       |     0 hits
6.46 Trillion        | 422 M/sec            |  4.73s       |     0 hits
6.46 Trillion        | 423 M/sec            |  4.72s       |     0 hits
6.46 Trillion        | 422 M/sec            |  4.73s       |     0 hits
6.47 Trillion        | 422 M/sec            |  4.73s       |     0 hits
6.47 Trillion        | 422 M/sec            |  4.73s       |     0 hits
6.47 Trillion        | 422 M/sec            |  4.73s       |     0 hits
6.47 Trillion        | 422 M/sec            |  4.73s       |     0 hits
6.47 Trillion        | 421 M/sec            |  4.74s       |     0 hits
6.48 Trillion        | 422 M/sec            |  4.73s       |     0 hits
6.48 Trillion        | 422 M/sec            |  4.73s       |     0 hits
6.48 Trillion        | 422 M/sec            |  4.73s       |     0 hits
6.48 Trillion        | 422 M/sec            |  4.73s       |     0 hits
6.48 Trillion        | 422 M/sec            |  4.73s       |     0 hits
6.49 Trillion        | 423 M/sec            |  4.72s       |     0 hits
6.49 Trillion        | 422 M/sec            |  4.73s       |     0 hits
6.49 Trillion        | 422 M/sec            |  4.73s       |     0 hits
6.49 Trillion        | 423 M/sec            |  4.72s       |     0 hits
6.49 Trillion        | 422 M/sec            |  4.73s       |     0 hits
6.50 Trillion        | 422 M/sec            |  4.73s       |     0 hits
6.50 Trillion        | 422 M/sec            |  4.73s       |     0 hits
6.50 Trillion        | 423 M/sec            |  4.72s       |     0 hits
6.50 Trillion        | 421 M/sec            |  4.74s       |     0 hits
6.50 Trillion        | 422 M/sec            |  4.72s       |     0 hits
6.51 Trillion        | 423 M/sec            |  4.72s       |     0 hits
6.51 Trillion        | 423 M/sec            |  4.72s       |     0 hits
6.51 Trillion        | 422 M/sec            |  4.73s       |     0 hits
6.51 Trillion        | 422 M/sec            |  4.73s       |     0 hits
6.51 Trillion        | 423 M/sec            |  4.72s       |     0 hits
6.52 Trillion        | 422 M/sec            |  4.73s       |     0 hits
6.52 Trillion        | 422 M/sec            |  4.73s       |     0 hits
6.52 Trillion        | 422 M/sec            |  4.73s       |     0 hits
6.52 Trillion        | 423 M/sec            |  4.72s       |     0 hits
6.52 Trillion        | 422 M/sec            |  4.73s       |     0 hits
6.53 Trillion        | 422 M/sec            |  4.73s       |     0 hits
6.53 Trillion        | 422 M/sec            |  4.73s       |     0 hits
6.53 Trillion        | 422 M/sec            |  4.73s       |     0 hits
6.53 Trillion        | 422 M/sec            |  4.73s       |     0 hits
6.53 Trillion        | 422 M/sec            |  4.73s       |     0 hits
6.54 Trillion        | 423 M/sec            |  4.72s       |     0 hits
6.54 Trillion        | 422 M/sec            |  4.73s       |     0 hits
6.54 Trillion        | 423 M/sec            |  4.72s       |     0 hits
6.54 Trillion        | 422 M/sec            |  4.73s       |     0 hits
6.54 Trillion        | 422 M/sec            |  4.73s       |     0 hits
6.55 Trillion        | 423 M/sec            |  4.72s       |     0 hits
6.55 Trillion        | 422 M/sec            |  4.73s       |     0 hits
6.55 Trillion        | 423 M/sec            |  4.72s       |     0 hits
6.55 Trillion        | 422 M/sec            |  4.73s       |     0 hits
6.55 Trillion        | 423 M/sec            |  4.72s       |     0 hits
6.56 Trillion        | 422 M/sec            |  4.73s       |     0 hits
6.56 Trillion        | 422 M/sec            |  4.73s       |     0 hits
6.56 Trillion        | 422 M/sec            |  4.73s       |     0 hits
6.56 Trillion        | 422 M/sec            |  4.73s       |     0 hits
6.56 Trillion        | 423 M/sec            |  4.72s       |     0 hits
6.57 Trillion        | 422 M/sec            |  4.73s       |     0 hits
6.57 Trillion        | 422 M/sec            |  4.73s       |     0 hits
6.57 Trillion        | 422 M/sec            |  4.73s       |     0 hits
6.57 Trillion        | 422 M/sec            |  4.73s       |     0 hits
6.57 Trillion        | 422 M/sec            |  4.73s       |     0 hits
6.58 Trillion        | 422 M/sec            |  4.73s       |     0 hits
6.58 Trillion        | 423 M/sec            |  4.72s       |     0 hits
6.58 Trillion        | 422 M/sec            |  4.73s       |     0 hits
6.58 Trillion        | 422 M/sec            |  4.72s       |     0 hits
6.58 Trillion        | 422 M/sec            |  4.73s       |     0 hits
6.59 Trillion        | 422 M/sec            |  4.73s       |     0 hits
6.59 Trillion        | 423 M/sec            |  4.72s       |     0 hits
6.59 Trillion        | 422 M/sec            |  4.73s       |     0 hits
6.59 Trillion        | 423 M/sec            |  4.72s       |     0 hits
6.59 Trillion        | 422 M/sec            |  4.73s       |     0 hits
6.60 Trillion        | 423 M/sec            |  4.72s       |     0 hits
6.60 Trillion        | 422 M/sec            |  4.73s       |     0 hits
6.60 Trillion        | 422 M/sec            |  4.73s       |     0 hits
6.60 Trillion        | 422 M/sec            |  4.73s       |     0 hits
6.60 Trillion        | 422 M/sec            |  4.73s       |     0 hits
6.60 Trillion        | 422 M/sec            |  4.73s       |     0 hits
6.61 Trillion        | 422 M/sec            |  4.73s       |     0 hits
6.61 Trillion        | 422 M/sec            |  4.72s       |     0 hits
6.61 Trillion        | 422 M/sec            |  4.74s       |     0 hits
6.61 Trillion        | 422 M/sec            |  4.73s       |     0 hits
6.61 Trillion        | 422 M/sec            |  4.73s       |     0 hits
6.62 Trillion        | 422 M/sec            |  4.73s       |     0 hits
6.62 Trillion        | 423 M/sec            |  4.72s       |     0 hits
6.62 Trillion        | 422 M/sec            |  4.73s       |     0 hits
6.62 Trillion        | 422 M/sec            |  4.73s       |     0 hits
6.62 Trillion        | 422 M/sec            |  4.73s       |     0 hits
6.63 Trillion        | 423 M/sec            |  4.72s       |     0 hits
6.63 Trillion        | 422 M/sec            |  4.74s       |     0 hits
6.63 Trillion        | 422 M/sec            |  4.73s       |     0 hits
6.63 Trillion        | 423 M/sec            |  4.72s       |     0 hits
6.63 Trillion        | 422 M/sec            |  4.73s       |     0 hits
6.64 Trillion        | 422 M/sec            |  4.72s       |     0 hits
6.64 Trillion        | 422 M/sec            |  4.73s       |     0 hits
6.64 Trillion        | 422 M/sec            |  4.73s       |     0 hits
6.64 Trillion        | 422 M/sec            |  4.73s       |     0 hits
6.64 Trillion        | 422 M/sec            |  4.73s       |     0 hits
6.65 Trillion        | 422 M/sec            |  4.73s       |     0 hits
6.65 Trillion        | 422 M/sec            |  4.73s       |     0 hits
6.65 Trillion        | 422 M/sec            |  4.73s       |     0 hits
6.65 Trillion        | 422 M/sec            |  4.73s       |     0 hits
6.65 Trillion        | 422 M/sec            |  4.73s       |     0 hits
6.66 Trillion        | 422 M/sec            |  4.73s       |     0 hits
6.66 Trillion        | 422 M/sec            |  4.73s       |     0 hits
6.66 Trillion        | 422 M/sec            |  4.73s       |     0 hits
6.66 Trillion        | 422 M/sec            |  4.73s       |     0 hits
6.66 Trillion        | 422 M/sec            |  4.73s       |     0 hits
6.67 Trillion        | 422 M/sec            |  4.73s       |     0 hits
6.67 Trillion        | 422 M/sec            |  4.73s       |     0 hits
6.67 Trillion        | 422 M/sec            |  4.73s       |     0 hits
6.67 Trillion        | 422 M/sec            |  4.73s       |     0 hits
6.67 Trillion        | 423 M/sec            |  4.72s       |     0 hits
6.68 Trillion        | 422 M/sec            |  4.73s       |     0 hits
6.68 Trillion        | 422 M/sec            |  4.72s       |     0 hits
6.68 Trillion        | 422 M/sec            |  4.73s       |     0 hits
6.68 Trillion        | 422 M/sec            |  4.73s       |     0 hits
6.68 Trillion        | 422 M/sec            |  4.73s       |     0 hits
6.69 Trillion        | 423 M/sec            |  4.72s       |     0 hits
6.69 Trillion        | 422 M/sec            |  4.73s       |     0 hits
6.69 Trillion        | 422 M/sec            |  4.73s       |     0 hits
6.69 Trillion        | 423 M/sec            |  4.72s       |     0 hits
6.69 Trillion        | 417 M/sec            |  4.78s       |     0 hits
6.70 Trillion        | 421 M/sec            |  4.74s       |     0 hits
6.70 Trillion        | 419 M/sec            |  4.76s       |     0 hits
6.70 Trillion        | 423 M/sec            |  4.72s       |     0 hits
6.70 Trillion        | 422 M/sec            |  4.73s       |     0 hits
6.70 Trillion        | 422 M/sec            |  4.73s       |     0 hits
6.71 Trillion        | 422 M/sec            |  4.73s       |     0 hits
6.71 Trillion        | 422 M/sec            |  4.73s       |     0 hits
6.71 Trillion        | 423 M/sec            |  4.72s       |     0 hits
6.71 Trillion        | 423 M/sec            |  4.72s       |     0 hits
6.71 Trillion        | 422 M/sec            |  4.73s       |     0 hits
6.72 Trillion        | 422 M/sec            |  4.73s       |     0 hits
6.72 Trillion        | 422 M/sec            |  4.73s       |     0 hits
6.72 Trillion        | 422 M/sec            |  4.73s       |     0 hits
6.72 Trillion        | 422 M/sec            |  4.73s       |     0 hits
6.72 Trillion        | 423 M/sec            |  4.72s       |     0 hits
6.73 Trillion        | 422 M/sec            |  4.73s       |     0 hits
6.73 Trillion        | 422 M/sec            |  4.73s       |     0 hits
6.73 Trillion        | 422 M/sec            |  4.73s       |     0 hits
6.73 Trillion        | 422 M/sec            |  4.73s       |     0 hits
6.73 Trillion        | 423 M/sec            |  4.72s       |     0 hits
6.74 Trillion        | 422 M/sec            |  4.73s       |     0 hits
6.74 Trillion        | 422 M/sec            |  4.73s       |     0 hits
6.74 Trillion        | 422 M/sec            |  4.73s       |     0 hits
6.74 Trillion        | 422 M/sec            |  4.73s       |     0 hits
6.74 Trillion        | 422 M/sec            |  4.73s       |     0 hits
6.75 Trillion        | 421 M/sec            |  4.74s       |     0 hits
6.75 Trillion        | 422 M/sec            |  4.73s       |     0 hits
6.75 Trillion        | 422 M/sec            |  4.73s       |     0 hits
6.75 Trillion        | 423 M/sec            |  4.72s       |     0 hits
6.75 Trillion        | 422 M/sec            |  4.73s       |     0 hits
6.76 Trillion        | 422 M/sec            |  4.73s       |     0 hits
6.76 Trillion        | 422 M/sec            |  4.73s       |     0 hits
6.76 Trillion        | 423 M/sec            |  4.72s       |     0 hits
6.76 Trillion        | 422 M/sec            |  4.73s       |     0 hits
6.76 Trillion        | 422 M/sec            |  4.73s       |     0 hits
6.77 Trillion        | 422 M/sec            |  4.73s       |     0 hits
6.77 Trillion        | 422 M/sec            |  4.73s       |     0 hits
6.77 Trillion        | 422 M/sec            |  4.73s       |     0 hits
6.77 Trillion        | 422 M/sec            |  4.73s       |     0 hits
6.77 Trillion        | 423 M/sec            |  4.72s       |     0 hits
6.78 Trillion        | 422 M/sec            |  4.73s       |     0 hits
6.78 Trillion        | 422 M/sec            |  4.73s       |     0 hits
6.78 Trillion        | 422 M/sec            |  4.72s       |     0 hits
6.78 Trillion        | 422 M/sec            |  4.73s       |     0 hits
6.78 Trillion        | 422 M/sec            |  4.73s       |     0 hits
6.79 Trillion        | 422 M/sec            |  4.73s       |     0 hits
6.79 Trillion        | 422 M/sec            |  4.73s       |     0 hits
6.79 Trillion        | 422 M/sec            |  4.73s       |     0 hits
6.79 Trillion        | 422 M/sec            |  4.73s       |     0 hits
6.79 Trillion        | 422 M/sec            |  4.73s       |     0 hits
6.80 Trillion        | 422 M/sec            |  4.73s       |     0 hits
6.80 Trillion        | 422 M/sec            |  4.73s       |     0 hits
6.80 Trillion        | 422 M/sec            |  4.73s       |     0 hits
6.80 Trillion        | 422 M/sec            |  4.73s       |     0 hits
6.80 Trillion        | 422 M/sec            |  4.73s       |     0 hits
6.81 Trillion        | 422 M/sec            |  4.73s       |     0 hits
6.81 Trillion        | 422 M/sec            |  4.73s       |     0 hits
6.81 Trillion        | 422 M/sec            |  4.73s       |     0 hits
6.81 Trillion        | 422 M/sec            |  4.73s       |     0 hits
6.81 Trillion        | 422 M/sec            |  4.73s       |     0 hits
6.82 Trillion        | 423 M/sec            |  4.72s       |     0 hits
6.82 Trillion        | 422 M/sec            |  4.73s       |     0 hits
6.82 Trillion        | 422 M/sec            |  4.73s       |     0 hits
6.82 Trillion        | 422 M/sec            |  4.73s       |     0 hits
6.82 Trillion        | 421 M/sec            |  4.74s       |     0 hits
6.83 Trillion        | 422 M/sec            |  4.73s       |     0 hits
6.83 Trillion        | 422 M/sec            |  4.73s       |     0 hits
6.83 Trillion        | 422 M/sec            |  4.73s       |     0 hits
6.83 Trillion        | 422 M/sec            |  4.73s       |     0 hits
6.83 Trillion        | 422 M/sec            |  4.73s       |     0 hits
6.84 Trillion        | 422 M/sec            |  4.74s       |     0 hits
6.84 Trillion        | 422 M/sec            |  4.73s       |     0 hits
6.84 Trillion        | 422 M/sec            |  4.73s       |     0 hits
6.84 Trillion        | 422 M/sec            |  4.73s       |     0 hits
6.84 Trillion        | 422 M/sec            |  4.73s       |     0 hits
6.85 Trillion        | 422 M/sec            |  4.73s       |     0 hits
6.85 Trillion        | 422 M/sec            |  4.73s       |     0 hits
6.85 Trillion        | 421 M/sec            |  4.74s       |     0 hits
6.85 Trillion        | 422 M/sec            |  4.73s       |     0 hits
6.85 Trillion        | 421 M/sec            |  4.74s       |     0 hits
6.86 Trillion        | 422 M/sec            |  4.73s       |     0 hits
6.86 Trillion        | 422 M/sec            |  4.72s       |     0 hits
6.86 Trillion        | 422 M/sec            |  4.73s       |     0 hits
6.86 Trillion        | 422 M/sec            |  4.73s       |     0 hits
6.86 Trillion        | 422 M/sec            |  4.73s       |     0 hits
6.87 Trillion        | 422 M/sec            |  4.73s       |     0 hits
6.87 Trillion        | 422 M/sec            |  4.73s       |     0 hits
6.87 Trillion        | 422 M/sec            |  4.73s       |     0 hits
6.87 Trillion        | 422 M/sec            |  4.73s       |     0 hits
6.87 Trillion        | 422 M/sec            |  4.73s       |     0 hits
6.88 Trillion        | 422 M/sec            |  4.73s       |     0 hits
6.88 Trillion        | 422 M/sec            |  4.73s       |     0 hits
6.88 Trillion        | 422 M/sec            |  4.73s       |     0 hits
6.88 Trillion        | 422 M/sec            |  4.73s       |     0 hits
6.88 Trillion        | 421 M/sec            |  4.74s       |     0 hits
6.89 Trillion        | 423 M/sec            |  4.72s       |     0 hits
6.89 Trillion        | 422 M/sec            |  4.73s       |     0 hits
6.89 Trillion        | 422 M/sec            |  4.73s       |     0 hits
6.89 Trillion        | 422 M/sec            |  4.73s       |     0 hits
6.89 Trillion        | 422 M/sec            |  4.73s       |     0 hits
6.90 Trillion        | 422 M/sec            |  4.73s       |     0 hits
6.90 Trillion        | 422 M/sec            |  4.73s       |     0 hits
6.90 Trillion        | 423 M/sec            |  4.72s       |     0 hits
6.90 Trillion        | 422 M/sec            |  4.73s       |     0 hits
6.90 Trillion        | 422 M/sec            |  4.73s       |     0 hits
6.91 Trillion        | 422 M/sec            |  4.73s       |     0 hits
6.91 Trillion        | 422 M/sec            |  4.73s       |     0 hits
6.91 Trillion        | 422 M/sec            |  4.73s       |     0 hits
6.91 Trillion        | 422 M/sec            |  4.72s       |     0 hits
6.91 Trillion        | 422 M/sec            |  4.73s       |     0 hits
6.92 Trillion        | 422 M/sec            |  4.73s       |     0 hits
6.92 Trillion        | 422 M/sec            |  4.73s       |     0 hits
6.92 Trillion        | 422 M/sec            |  4.73s       |     0 hits
6.92 Trillion        | 423 M/sec            |  4.72s       |     0 hits
6.92 Trillion        | 422 M/sec            |  4.73s       |     0 hits
6.93 Trillion        | 422 M/sec            |  4.73s       |     0 hits
6.93 Trillion        | 422 M/sec            |  4.73s       |     0 hits
6.93 Trillion        | 422 M/sec            |  4.73s       |     0 hits
6.93 Trillion        | 422 M/sec            |  4.73s       |     0 hits
6.93 Trillion        | 422 M/sec            |  4.73s       |     0 hits
6.94 Trillion        | 422 M/sec            |  4.73s       |     0 hits
6.94 Trillion        | 422 M/sec            |  4.73s       |     0 hits
6.94 Trillion        | 422 M/sec            |  4.73s       |     0 hits
6.94 Trillion        | 422 M/sec            |  4.73s       |     0 hits
6.94 Trillion        | 422 M/sec            |  4.73s       |     0 hits
6.95 Trillion        | 422 M/sec            |  4.73s       |     0 hits
6.95 Trillion        | 422 M/sec            |  4.73s       |     0 hits
6.95 Trillion        | 422 M/sec            |  4.73s       |     0 hits
6.95 Trillion        | 422 M/sec            |  4.73s       |     0 hits
6.95 Trillion        | 422 M/sec            |  4.73s       |     0 hits
6.96 Trillion        | 422 M/sec            |  4.73s       |     0 hits
6.96 Trillion        | 422 M/sec            |  4.73s       |     0 hits
6.96 Trillion        | 422 M/sec            |  4.73s       |     0 hits
6.96 Trillion        | 422 M/sec            |  4.73s       |     0 hits
6.96 Trillion        | 423 M/sec            |  4.72s       |     0 hits
6.97 Trillion        | 422 M/sec            |  4.73s       |     0 hits
6.97 Trillion        | 422 M/sec            |  4.73s       |     0 hits
6.97 Trillion        | 422 M/sec            |  4.73s       |     0 hits
6.97 Trillion        | 422 M/sec            |  4.73s       |     0 hits
6.97 Trillion        | 422 M/sec            |  4.72s       |     0 hits
6.98 Trillion        | 422 M/sec            |  4.73s       |     0 hits
6.98 Trillion        | 423 M/sec            |  4.72s       |     0 hits
6.98 Trillion        | 422 M/sec            |  4.73s       |     0 hits
6.98 Trillion        | 422 M/sec            |  4.73s       |     0 hits
6.98 Trillion        | 420 M/sec            |  4.75s       |     0 hits
6.99 Trillion        | 419 M/sec            |  4.77s       |     0 hits
6.99 Trillion        | 421 M/sec            |  4.74s       |     0 hits
6.99 Trillion        | 420 M/sec            |  4.75s       |     0 hits
6.99 Trillion        | 422 M/sec            |  4.73s       |     0 hits
6.99 Trillion        | 422 M/sec            |  4.73s       |     0 hits
7.00 Trillion        | 422 M/sec            |  4.73s       |     0 hits
7.00 Trillion        | 422 M/sec            |  4.73s       |     0 hits
7.00 Trillion        | 422 M/sec            |  4.73s       |     0 hits
7.00 Trillion        | 423 M/sec            |  4.72s       |     0 hits
7.00 Trillion        | 422 M/sec            |  4.73s       |     0 hits
7.01 Trillion        | 422 M/sec            |  4.73s       |     0 hits
7.01 Trillion        | 422 M/sec            |  4.73s       |     0 hits
7.01 Trillion        | 422 M/sec            |  4.73s       |     0 hits
7.01 Trillion        | 422 M/sec            |  4.73s       |     0 hits
7.01 Trillion        | 422 M/sec            |  4.73s       |     0 hits
7.02 Trillion        | 422 M/sec            |  4.72s       |     0 hits
7.02 Trillion        | 422 M/sec            |  4.73s       |     0 hits
7.02 Trillion        | 422 M/sec            |  4.73s       |     0 hits
7.02 Trillion        | 422 M/sec            |  4.73s       |     0 hits
7.02 Trillion        | 422 M/sec            |  4.73s       |     0 hits
7.03 Trillion        | 422 M/sec            |  4.74s       |     0 hits
7.03 Trillion        | 422 M/sec            |  4.73s       |     0 hits
7.03 Trillion        | 422 M/sec            |  4.73s       |     0 hits
7.03 Trillion        | 422 M/sec            |  4.73s       |     0 hits
7.03 Trillion        | 422 M/sec            |  4.73s       |     0 hits
7.04 Trillion        | 422 M/sec            |  4.73s       |     0 hits
7.04 Trillion        | 423 M/sec            |  4.72s       |     0 hits
7.04 Trillion        | 422 M/sec            |  4.74s       |     0 hits
7.04 Trillion        | 422 M/sec            |  4.73s       |     0 hits
7.04 Trillion        | 422 M/sec            |  4.73s       |     0 hits
7.05 Trillion        | 422 M/sec            |  4.73s       |     0 hits
7.05 Trillion        | 422 M/sec            |  4.73s       |     0 hits
7.05 Trillion        | 422 M/sec            |  4.73s       |     0 hits
7.05 Trillion        | 422 M/sec            |  4.72s       |     0 hits
7.05 Trillion        | 422 M/sec            |  4.73s       |     0 hits
7.06 Trillion        | 422 M/sec            |  4.73s       |     0 hits
7.06 Trillion        | 422 M/sec            |  4.73s       |     0 hits
7.06 Trillion        | 422 M/sec            |  4.73s       |     0 hits
7.06 Trillion        | 422 M/sec            |  4.73s       |     0 hits
7.06 Trillion        | 422 M/sec            |  4.74s       |     0 hits
7.07 Trillion        | 422 M/sec            |  4.73s       |     0 hits
7.07 Trillion        | 422 M/sec            |  4.73s       |     0 hits
7.07 Trillion        | 422 M/sec            |  4.73s       |     0 hits
7.07 Trillion        | 422 M/sec            |  4.73s       |     0 hits
7.07 Trillion        | 422 M/sec            |  4.73s       |     0 hits
7.08 Trillion        | 422 M/sec            |  4.72s       |     0 hits
7.08 Trillion        | 422 M/sec            |  4.73s       |     0 hits
7.08 Trillion        | 422 M/sec            |  4.73s       |     0 hits
7.08 Trillion        | 422 M/sec            |  4.73s       |     0 hits
7.08 Trillion        | 422 M/sec            |  4.73s       |     0 hits
7.09 Trillion        | 422 M/sec            |  4.73s       |     0 hits
7.09 Trillion        | 422 M/sec            |  4.73s       |     0 hits
7.09 Trillion        | 422 M/sec            |  4.73s       |     0 hits
7.09 Trillion        | 422 M/sec            |  4.73s       |     0 hits
7.09 Trillion        | 423 M/sec            |  4.72s       |     0 hits
7.10 Trillion        | 422 M/sec            |  4.73s       |     0 hits
7.10 Trillion        | 422 M/sec            |  4.73s       |     0 hits
7.10 Trillion        | 422 M/sec            |  4.73s       |     0 hits
7.10 Trillion        | 421 M/sec            |  4.74s       |     0 hits
7.10 Trillion        | 422 M/sec            |  4.73s       |     0 hits
7.11 Trillion        | 422 M/sec            |  4.73s       |     0 hits
7.11 Trillion        | 422 M/sec            |  4.72s       |     0 hits
7.11 Trillion        | 422 M/sec            |  4.73s       |     0 hits
7.11 Trillion        | 422 M/sec            |  4.73s       |     0 hits
7.11 Trillion        | 422 M/sec            |  4.73s       |     0 hits
7.12 Trillion        | 422 M/sec            |  4.73s       |     0 hits
7.12 Trillion        | 422 M/sec            |  4.73s       |     0 hits
7.12 Trillion        | 422 M/sec            |  4.73s       |     0 hits
7.12 Trillion        | 422 M/sec            |  4.73s       |     0 hits
7.12 Trillion        | 422 M/sec            |  4.73s       |     0 hits
7.13 Trillion        | 421 M/sec            |  4.74s       |     0 hits
7.13 Trillion        | 421 M/sec            |  4.74s       |     0 hits
7.13 Trillion        | 421 M/sec            |  4.74s       |     0 hits
7.13 Trillion        | 422 M/sec            |  4.73s       |     0 hits
7.13 Trillion        | 421 M/sec            |  4.74s       |     0 hits
7.14 Trillion        | 422 M/sec            |  4.73s       |     0 hits
7.14 Trillion        | 422 M/sec            |  4.73s       |     0 hits
7.14 Trillion        | 422 M/sec            |  4.73s       |     0 hits
7.14 Trillion        | 422 M/sec            |  4.73s       |     0 hits
7.14 Trillion        | 423 M/sec            |  4.72s       |     0 hits
7.15 Trillion        | 422 M/sec            |  4.74s       |     0 hits
7.15 Trillion        | 422 M/sec            |  4.73s       |     0 hits
7.15 Trillion        | 423 M/sec            |  4.72s       |     0 hits
7.15 Trillion        | 422 M/sec            |  4.73s       |     0 hits
7.15 Trillion        | 422 M/sec            |  4.73s       |     0 hits
7.16 Trillion        | 421 M/sec            |  4.74s       |     0 hits
7.16 Trillion        | 421 M/sec            |  4.74s       |     0 hits
7.16 Trillion        | 421 M/sec            |  4.74s       |     0 hits
7.16 Trillion        | 422 M/sec            |  4.73s       |     0 hits
7.16 Trillion        | 422 M/sec            |  4.73s       |     0 hits
7.17 Trillion        | 422 M/sec            |  4.73s       |     0 hits
7.17 Trillion        | 422 M/sec            |  4.73s       |     0 hits
7.17 Trillion        | 422 M/sec            |  4.73s       |     0 hits
7.17 Trillion        | 422 M/sec            |  4.73s       |     0 hits
7.17 Trillion        | 422 M/sec            |  4.73s       |     0 hits
7.18 Trillion        | 422 M/sec            |  4.73s       |     0 hits
7.18 Trillion        | 422 M/sec            |  4.73s       |     0 hits
7.18 Trillion        | 422 M/sec            |  4.73s       |     0 hits
7.18 Trillion        | 423 M/sec            |  4.72s       |     0 hits
7.18 Trillion        | 421 M/sec            |  4.74s       |     0 hits
7.19 Trillion        | 422 M/sec            |  4.73s       |     0 hits
7.19 Trillion        | 422 M/sec            |  4.74s       |     0 hits
7.19 Trillion        | 421 M/sec            |  4.74s       |     0 hits
7.19 Trillion        | 422 M/sec            |  4.73s       |     0 hits
7.19 Trillion        | 422 M/sec            |  4.73s       |     0 hits
7.20 Trillion        | 422 M/sec            |  4.73s       |     0 hits
7.20 Trillion        | 421 M/sec            |  4.74s       |     0 hits
7.20 Trillion        | 422 M/sec            |  4.73s       |     0 hits
7.20 Trillion        | 422 M/sec            |  4.73s       |     0 hits
7.20 Trillion        | 422 M/sec            |  4.73s       |     0 hits
7.21 Trillion        | 422 M/sec            |  4.73s       |     0 hits
7.21 Trillion        | 422 M/sec            |  4.72s       |     0 hits
7.21 Trillion        | 422 M/sec            |  4.73s       |     0 hits
7.21 Trillion        | 422 M/sec            |  4.73s       |     0 hits
7.21 Trillion        | 421 M/sec            |  4.74s       |     0 hits
7.22 Trillion        | 422 M/sec            |  4.73s       |     0 hits
7.22 Trillion        | 422 M/sec            |  4.73s       |     0 hits
7.22 Trillion        | 422 M/sec            |  4.73s       |     0 hits
7.22 Trillion        | 422 M/sec            |  4.73s       |     0 hits
7.22 Trillion        | 422 M/sec            |  4.73s       |     0 hits
7.23 Trillion        | 422 M/sec            |  4.73s       |     0 hits
7.23 Trillion        | 422 M/sec            |  4.73s       |     0 hits
7.23 Trillion        | 422 M/sec            |  4.73s       |     0 hits
7.23 Trillion        | 422 M/sec            |  4.73s       |     0 hits
7.23 Trillion        | 422 M/sec            |  4.74s       |     0 hits
7.24 Trillion        | 422 M/sec            |  4.73s       |     0 hits
7.24 Trillion        | 422 M/sec            |  4.73s       |     0 hits
7.24 Trillion        | 422 M/sec            |  4.73s       |     0 hits
7.24 Trillion        | 422 M/sec            |  4.73s       |     0 hits
7.24 Trillion        | 422 M/sec            |  4.73s       |     0 hits
7.25 Trillion        | 422 M/sec            |  4.73s       |     0 hits
7.25 Trillion        | 421 M/sec            |  4.74s       |     0 hits
7.25 Trillion        | 422 M/sec            |  4.73s       |     0 hits
7.25 Trillion        | 422 M/sec            |  4.72s       |     0 hits
7.25 Trillion        | 421 M/sec            |  4.74s       |     0 hits
7.26 Trillion        | 422 M/sec            |  4.73s       |     0 hits
7.26 Trillion        | 422 M/sec            |  4.73s       |     0 hits
7.26 Trillion        | 422 M/sec            |  4.73s       |     0 hits
7.26 Trillion        | 422 M/sec            |  4.73s       |     0 hits
7.26 Trillion        | 422 M/sec            |  4.73s       |     0 hits
7.27 Trillion        | 422 M/sec            |  4.73s       |     0 hits
7.27 Trillion        | 422 M/sec            |  4.73s       |     0 hits
7.27 Trillion        | 422 M/sec            |  4.73s       |     0 hits
7.27 Trillion        | 422 M/sec            |  4.73s       |     0 hits
7.27 Trillion        | 420 M/sec            |  4.75s       |     0 hits
7.28 Trillion        | 419 M/sec            |  4.76s       |     0 hits
7.28 Trillion        | 421 M/sec            |  4.74s       |     0 hits
7.28 Trillion        | 421 M/sec            |  4.75s       |     0 hits
7.28 Trillion        | 422 M/sec            |  4.73s       |     0 hits
7.28 Trillion        | 422 M/sec            |  4.73s       |     0 hits
7.29 Trillion        | 422 M/sec            |  4.73s       |     0 hits
7.29 Trillion        | 422 M/sec            |  4.73s       |     0 hits
7.29 Trillion        | 422 M/sec            |  4.73s       |     0 hits
7.29 Trillion        | 422 M/sec            |  4.73s       |     0 hits
7.29 Trillion        | 422 M/sec            |  4.73s       |     0 hits
7.30 Trillion        | 422 M/sec            |  4.74s       |     0 hits
7.30 Trillion        | 422 M/sec            |  4.73s       |     0 hits
7.30 Trillion        | 422 M/sec            |  4.73s       |     0 hits
7.30 Trillion        | 422 M/sec            |  4.73s       |     0 hits
7.30 Trillion        | 422 M/sec            |  4.73s       |     0 hits
7.31 Trillion        | 422 M/sec            |  4.73s       |     0 hits
7.31 Trillion        | 422 M/sec            |  4.73s       |     0 hits
7.31 Trillion        | 422 M/sec            |  4.73s       |     0 hits
7.31 Trillion        | 422 M/sec            |  4.73s       |     0 hits
7.31 Trillion        | 422 M/sec            |  4.73s       |     0 hits
7.32 Trillion        | 422 M/sec            |  4.73s       |     0 hits
7.32 Trillion        | 422 M/sec            |  4.73s       |     0 hits
7.32 Trillion        | 422 M/sec            |  4.73s       |     0 hits
7.32 Trillion        | 422 M/sec            |  4.73s       |     0 hits
7.32 Trillion        | 422 M/sec            |  4.73s       |     0 hits
7.33 Trillion        | 422 M/sec            |  4.73s       |     0 hits
7.33 Trillion        | 422 M/sec            |  4.73s       |     0 hits
7.33 Trillion        | 422 M/sec            |  4.73s       |     0 hits
7.33 Trillion        | 422 M/sec            |  4.73s       |     0 hits
7.33 Trillion        | 422 M/sec            |  4.73s       |     0 hits
7.34 Trillion        | 422 M/sec            |  4.73s       |     0 hits
7.34 Trillion        | 422 M/sec            |  4.73s       |     0 hits
7.34 Trillion        | 422 M/sec            |  4.73s       |     0 hits
7.34 Trillion        | 422 M/sec            |  4.73s       |     0 hits
7.34 Trillion        | 422 M/sec            |  4.73s       |     0 hits
7.35 Trillion        | 421 M/sec            |  4.74s       |     0 hits
7.35 Trillion        | 422 M/sec            |  4.73s       |     0 hits
7.35 Trillion        | 422 M/sec            |  4.73s       |     0 hits
7.35 Trillion        | 421 M/sec            |  4.74s       |     0 hits
7.35 Trillion        | 422 M/sec            |  4.73s       |     0 hits
7.36 Trillion        | 422 M/sec            |  4.73s       |     0 hits
7.36 Trillion        | 422 M/sec            |  4.73s       |     0 hits
7.36 Trillion        | 421 M/sec            |  4.74s       |     0 hits
7.36 Trillion        | 422 M/sec            |  4.73s       |     0 hits
7.36 Trillion        | 421 M/sec            |  4.74s       |     0 hits
7.37 Trillion        | 422 M/sec            |  4.73s       |     0 hits
7.37 Trillion        | 422 M/sec            |  4.73s       |     0 hits
7.37 Trillion        | 422 M/sec            |  4.73s       |     0 hits
7.37 Trillion        | 422 M/sec            |  4.73s       |     0 hits
7.37 Trillion        | 422 M/sec            |  4.73s       |     0 hits
7.38 Trillion        | 422 M/sec            |  4.74s       |     0 hits
7.38 Trillion        | 421 M/sec            |  4.74s       |     0 hits
7.38 Trillion        | 422 M/sec            |  4.73s       |     0 hits
7.38 Trillion        | 421 M/sec            |  4.74s       |     0 hits
7.38 Trillion        | 421 M/sec            |  4.74s       |     0 hits
7.39 Trillion        | 422 M/sec            |  4.73s       |     0 hits
7.39 Trillion        | 422 M/sec            |  4.73s       |     0 hits
7.39 Trillion        | 422 M/sec            |  4.73s       |     0 hits
7.39 Trillion        | 421 M/sec            |  4.74s       |     0 hits
7.39 Trillion        | 422 M/sec            |  4.73s       |     0 hits
7.40 Trillion        | 421 M/sec            |  4.74s       |     0 hits
7.40 Trillion        | 421 M/sec            |  4.74s       |     0 hits
7.40 Trillion        | 422 M/sec            |  4.73s       |     0 hits
7.40 Trillion        | 417 M/sec            |  4.79s       |     0 hits
7.40 Trillion        | 405 M/sec            |  4.93s       |     0 hits
7.41 Trillion        | 417 M/sec            |  4.78s       |     0 hits
7.41 Trillion        | 421 M/sec            |  4.74s       |     0 hits
7.41 Trillion        | 421 M/sec            |  4.74s       |     0 hits
7.41 Trillion        | 421 M/sec            |  4.74s       |     0 hits
7.41 Trillion        | 420 M/sec            |  4.75s       |     0 hits
7.42 Trillion        | 407 M/sec            |  4.90s       |     0 hits
7.42 Trillion        | 413 M/sec            |  4.83s       |     0 hits
7.42 Trillion        | 413 M/sec            |  4.83s       |     0 hits
7.42 Trillion        | 413 M/sec            |  4.83s       |     0 hits
7.42 Trillion        | 414 M/sec            |  4.82s       |     0 hits
7.43 Trillion        | 420 M/sec            |  4.76s       |     0 hits
7.43 Trillion        | 422 M/sec            |  4.73s       |     0 hits
7.43 Trillion        | 422 M/sec            |  4.73s       |     0 hits
7.43 Trillion        | 422 M/sec            |  4.73s       |     0 hits
7.43 Trillion        | 420 M/sec            |  4.75s       |     0 hits
7.44 Trillion        | 421 M/sec            |  4.74s       |     0 hits
7.44 Trillion        | 420 M/sec            |  4.76s       |     0 hits
7.44 Trillion        | 421 M/sec            |  4.74s       |     0 hits
7.44 Trillion        | 421 M/sec            |  4.74s       |     0 hits
7.44 Trillion        | 419 M/sec            |  4.76s       |     0 hits
7.45 Trillion        | 421 M/sec            |  4.74s       |     0 hits
7.45 Trillion        | 421 M/sec            |  4.74s       |     0 hits
7.45 Trillion        | 419 M/sec            |  4.77s       |     0 hits
7.45 Trillion        | 419 M/sec            |  4.77s       |     0 hits
7.45 Trillion        | 421 M/sec            |  4.74s       |     0 hits
7.46 Trillion        | 422 M/sec            |  4.73s       |     0 hits
7.46 Trillion        | 422 M/sec            |  4.73s       |     0 hits
7.46 Trillion        | 422 M/sec            |  4.73s       |     0 hits
7.46 Trillion        | 421 M/sec            |  4.74s       |     0 hits
7.46 Trillion        | 422 M/sec            |  4.73s       |     0 hits
7.47 Trillion        | 421 M/sec            |  4.74s       |     0 hits
7.47 Trillion        | 421 M/sec            |  4.74s       |     0 hits
7.47 Trillion        | 421 M/sec            |  4.74s       |     0 hits
7.47 Trillion        | 421 M/sec            |  4.74s       |     0 hits
7.47 Trillion        | 422 M/sec            |  4.73s       |     0 hits
7.48 Trillion        | 421 M/sec            |  4.74s       |     0 hits
7.48 Trillion        | 421 M/sec            |  4.74s       |     0 hits
7.48 Trillion        | 421 M/sec            |  4.74s       |     0 hits
7.48 Trillion        | 421 M/sec            |  4.74s       |     0 hits
7.48 Trillion        | 421 M/sec            |  4.74s       |     0 hits
7.49 Trillion        | 421 M/sec            |  4.74s       |     0 hits
7.49 Trillion        | 421 M/sec            |  4.74s       |     0 hits
7.49 Trillion        | 421 M/sec            |  4.74s       |     0 hits
7.49 Trillion        | 421 M/sec            |  4.74s       |     0 hits
7.49 Trillion        | 421 M/sec            |  4.74s       |     0 hits
7.50 Trillion        | 421 M/sec            |  4.74s       |     0 hits
7.50 Trillion        | 421 M/sec            |  4.74s       |     0 hits
7.50 Trillion        | 421 M/sec            |  4.74s       |     0 hits
7.50 Trillion        | 421 M/sec            |  4.74s       |     0 hits
7.50 Trillion        | 421 M/sec            |  4.74s       |     0 hits
7.51 Trillion        | 421 M/sec            |  4.74s       |     0 hits
7.51 Trillion        | 421 M/sec            |  4.74s       |     0 hits
7.51 Trillion        | 422 M/sec            |  4.73s       |     0 hits
7.51 Trillion        | 422 M/sec            |  4.73s       |     0 hits
7.51 Trillion        | 421 M/sec            |  4.74s       |     0 hits
7.52 Trillion        | 422 M/sec            |  4.73s       |     0 hits
7.52 Trillion        | 421 M/sec            |  4.74s       |     0 hits
7.52 Trillion        | 421 M/sec            |  4.74s       |     0 hits
7.52 Trillion        | 421 M/sec            |  4.74s       |     0 hits
7.52 Trillion        | 421 M/sec            |  4.74s       |     0 hits
7.53 Trillion        | 421 M/sec            |  4.74s       |     0 hits
7.53 Trillion        | 421 M/sec            |  4.75s       |     0 hits
7.53 Trillion        | 422 M/sec            |  4.74s       |     0 hits
7.53 Trillion        | 421 M/sec            |  4.74s       |     0 hits
7.53 Trillion        | 421 M/sec            |  4.74s       |     0 hits
7.54 Trillion        | 421 M/sec            |  4.74s       |     0 hits
7.54 Trillion        | 421 M/sec            |  4.74s       |     0 hits
7.54 Trillion        | 421 M/sec            |  4.74s       |     0 hits
7.54 Trillion        | 421 M/sec            |  4.74s       |     0 hits
7.54 Trillion        | 419 M/sec            |  4.76s       |     0 hits
7.55 Trillion        | 421 M/sec            |  4.75s       |     0 hits
7.55 Trillion        | 422 M/sec            |  4.74s       |     0 hits
7.55 Trillion        | 421 M/sec            |  4.74s       |     0 hits
7.55 Trillion        | 421 M/sec            |  4.74s       |     0 hits
7.55 Trillion        | 422 M/sec            |  4.73s       |     0 hits
7.56 Trillion        | 421 M/sec            |  4.74s       |     0 hits
7.56 Trillion        | 421 M/sec            |  4.74s       |     0 hits
7.56 Trillion        | 421 M/sec            |  4.74s       |     0 hits
7.56 Trillion        | 420 M/sec            |  4.75s       |     0 hits
7.56 Trillion        | 421 M/sec            |  4.74s       |     0 hits
7.57 Trillion        | 420 M/sec            |  4.76s       |     0 hits
7.57 Trillion        | 417 M/sec            |  4.78s       |     0 hits
7.57 Trillion        | 420 M/sec            |  4.75s       |     0 hits
7.57 Trillion        | 416 M/sec            |  4.79s       |     0 hits
7.57 Trillion        | 420 M/sec            |  4.75s       |     0 hits
7.58 Trillion        | 421 M/sec            |  4.74s       |     0 hits
7.58 Trillion        | 421 M/sec            |  4.74s       |     0 hits
7.58 Trillion        | 421 M/sec            |  4.74s       |     0 hits
7.58 Trillion        | 421 M/sec            |  4.74s       |     0 hits
7.58 Trillion        | 421 M/sec            |  4.74s       |     0 hits
7.59 Trillion        | 421 M/sec            |  4.74s       |     0 hits
7.59 Trillion        | 421 M/sec            |  4.74s       |     0 hits
7.59 Trillion        | 421 M/sec            |  4.74s       |     0 hits
7.59 Trillion        | 421 M/sec            |  4.74s       |     0 hits
7.59 Trillion        | 421 M/sec            |  4.74s       |     0 hits
7.60 Trillion        | 422 M/sec            |  4.73s       |     0 hits
7.60 Trillion        | 421 M/sec            |  4.74s       |     0 hits
7.60 Trillion        | 421 M/sec            |  4.74s       |     0 hits
7.60 Trillion        | 421 M/sec            |  4.74s       |     0 hits
7.60 Trillion        | 421 M/sec            |  4.74s       |     0 hits
7.61 Trillion        | 421 M/sec            |  4.74s       |     0 hits
7.61 Trillion        | 421 M/sec            |  4.74s       |     0 hits
7.61 Trillion        | 421 M/sec            |  4.74s       |     0 hits
7.61 Trillion        | 421 M/sec            |  4.74s       |     0 hits
7.61 Trillion        | 422 M/sec            |  4.73s       |     0 hits
7.61 Trillion        | 421 M/sec            |  4.74s       |     0 hits
7.62 Trillion        | 420 M/sec            |  4.75s       |     0 hits
7.62 Trillion        | 421 M/sec            |  4.75s       |     0 hits
7.62 Trillion        | 421 M/sec            |  4.74s       |     0 hits
7.62 Trillion        | 421 M/sec            |  4.74s       |     0 hits
7.62 Trillion        | 421 M/sec            |  4.74s       |     0 hits
7.63 Trillion        | 421 M/sec            |  4.74s       |     0 hits
7.63 Trillion        | 421 M/sec            |  4.74s       |     0 hits
7.63 Trillion        | 421 M/sec            |  4.74s       |     0 hits
7.63 Trillion        | 421 M/sec            |  4.74s       |     0 hits
7.63 Trillion        | 420 M/sec            |  4.75s       |     0 hits
7.64 Trillion        | 421 M/sec            |  4.74s       |     0 hits
7.64 Trillion        | 421 M/sec            |  4.74s       |     0 hits
7.64 Trillion        | 421 M/sec            |  4.74s       |     0 hits
7.64 Trillion        | 421 M/sec            |  4.74s       |     0 hits
7.64 Trillion        | 421 M/sec            |  4.74s       |     0 hits
7.65 Trillion        | 421 M/sec            |  4.74s       |     0 hits
7.65 Trillion        | 421 M/sec            |  4.74s       |     0 hits
7.65 Trillion        | 421 M/sec            |  4.74s       |     0 hits
7.65 Trillion        | 422 M/sec            |  4.73s       |     0 hits
7.65 Trillion        | 421 M/sec            |  4.74s       |     0 hits
7.66 Trillion        | 421 M/sec            |  4.74s       |     0 hits
7.66 Trillion        | 421 M/sec            |  4.74s       |     0 hits
7.66 Trillion        | 421 M/sec            |  4.74s       |     0 hits
7.66 Trillion        | 421 M/sec            |  4.74s       |     0 hits
7.66 Trillion        | 421 M/sec            |  4.74s       |     0 hits
7.67 Trillion        | 421 M/sec            |  4.74s       |     0 hits
7.67 Trillion        | 420 M/sec            |  4.75s       |     0 hits
7.67 Trillion        | 419 M/sec            |  4.77s       |     0 hits
7.67 Trillion        | 422 M/sec            |  4.73s       |     0 hits
7.67 Trillion        | 420 M/sec            |  4.75s       |     0 hits
7.68 Trillion        | 421 M/sec            |  4.74s       |     0 hits
7.68 Trillion        | 421 M/sec            |  4.74s       |     0 hits
7.68 Trillion        | 421 M/sec            |  4.74s       |     0 hits
7.68 Trillion        | 421 M/sec            |  4.74s       |     0 hits
7.68 Trillion        | 421 M/sec            |  4.74s       |     0 hits
7.69 Trillion        | 421 M/sec            |  4.74s       |     0 hits
7.69 Trillion        | 421 M/sec            |  4.74s       |     0 hits
7.69 Trillion        | 421 M/sec            |  4.74s       |     0 hits
7.69 Trillion        | 421 M/sec            |  4.74s       |     0 hits
7.69 Trillion        | 421 M/sec            |  4.74s       |     0 hits
7.70 Trillion        | 421 M/sec            |  4.74s       |     0 hits
7.70 Trillion        | 421 M/sec            |  4.74s       |     0 hits
7.70 Trillion        | 422 M/sec            |  4.73s       |     0 hits
7.70 Trillion        | 421 M/sec            |  4.74s       |     0 hits
7.70 Trillion        | 421 M/sec            |  4.74s       |     0 hits
7.71 Trillion        | 421 M/sec            |  4.74s       |     0 hits
7.71 Trillion        | 421 M/sec            |  4.74s       |     0 hits
7.71 Trillion        | 421 M/sec            |  4.74s       |     0 hits
7.71 Trillion        | 421 M/sec            |  4.74s       |     0 hits
7.71 Trillion        | 421 M/sec            |  4.74s       |     0 hits
7.72 Trillion        | 421 M/sec            |  4.74s       |     0 hits
7.72 Trillion        | 421 M/sec            |  4.74s       |     0 hits
7.72 Trillion        | 421 M/sec            |  4.74s       |     0 hits
7.72 Trillion        | 421 M/sec            |  4.74s       |     0 hits
7.72 Trillion        | 421 M/sec            |  4.74s       |     0 hits
7.73 Trillion        | 421 M/sec            |  4.74s       |     0 hits
7.73 Trillion        | 422 M/sec            |  4.73s       |     0 hits
7.73 Trillion        | 421 M/sec            |  4.74s       |     0 hits
7.73 Trillion        | 421 M/sec            |  4.74s       |     0 hits
7.73 Trillion        | 421 M/sec            |  4.74s       |     0 hits
7.74 Trillion        | 422 M/sec            |  4.73s       |     0 hits
7.74 Trillion        | 421 M/sec            |  4.74s       |     0 hits
7.74 Trillion        | 421 M/sec            |  4.74s       |     0 hits
7.74 Trillion        | 422 M/sec            |  4.74s       |     0 hits
7.74 Trillion        | 421 M/sec            |  4.74s       |     0 hits
7.75 Trillion        | 421 M/sec            |  4.74s       |     0 hits
7.75 Trillion        | 421 M/sec            |  4.74s       |     0 hits
7.75 Trillion        | 422 M/sec            |  4.74s       |     0 hits
7.75 Trillion        | 421 M/sec            |  4.74s       |     0 hits
7.75 Trillion        | 421 M/sec            |  4.74s       |     0 hits
7.76 Trillion        | 421 M/sec            |  4.74s       |     0 hits
7.76 Trillion        | 421 M/sec            |  4.74s       |     0 hits
7.76 Trillion        | 420 M/sec            |  4.75s       |     0 hits
7.76 Trillion        | 420 M/sec            |  4.75s       |     0 hits
7.76 Trillion        | 422 M/sec            |  4.73s       |     0 hits
7.77 Trillion        | 421 M/sec            |  4.74s       |     0 hits
7.77 Trillion        | 421 M/sec            |  4.74s       |     0 hits
7.77 Trillion        | 422 M/sec            |  4.73s       |     0 hits
7.77 Trillion        | 422 M/sec            |  4.73s       |     0 hits
7.77 Trillion        | 422 M/sec            |  4.73s       |     0 hits
7.78 Trillion        | 421 M/sec            |  4.74s       |     0 hits
7.78 Trillion        | 422 M/sec            |  4.73s       |     0 hits
7.78 Trillion        | 421 M/sec            |  4.74s       |     0 hits
7.78 Trillion        | 421 M/sec            |  4.74s       |     0 hits
7.78 Trillion        | 421 M/sec            |  4.74s       |     0 hits
7.79 Trillion        | 421 M/sec            |  4.74s       |     0 hits
7.79 Trillion        | 421 M/sec            |  4.74s       |     0 hits
7.79 Trillion        | 421 M/sec            |  4.74s       |     0 hits
7.79 Trillion        | 421 M/sec            |  4.74s       |     0 hits
7.79 Trillion        | 421 M/sec            |  4.74s       |     0 hits
7.80 Trillion        | 422 M/sec            |  4.73s       |     0 hits
7.80 Trillion        | 421 M/sec            |  4.74s       |     0 hits
7.80 Trillion        | 421 M/sec            |  4.74s       |     0 hits
7.80 Trillion        | 422 M/sec            |  4.73s       |     0 hits
7.80 Trillion        | 421 M/sec            |  4.74s       |     0 hits
7.81 Trillion        | 421 M/sec            |  4.74s       |     0 hits
7.81 Trillion        | 421 M/sec            |  4.74s       |     0 hits
7.81 Trillion        | 421 M/sec            |  4.74s       |     0 hits
7.81 Trillion        | 421 M/sec            |  4.74s       |     0 hits
7.81 Trillion        | 421 M/sec            |  4.74s       |     0 hits
7.82 Trillion        | 421 M/sec            |  4.74s       |     0 hits
7.82 Trillion        | 420 M/sec            |  4.75s       |     0 hits
7.82 Trillion        | 414 M/sec            |  4.82s       |     0 hits
7.82 Trillion        | 420 M/sec            |  4.76s       |     0 hits
7.82 Trillion        | 414 M/sec            |  4.82s       |     0 hits
7.83 Trillion        | 415 M/sec            |  4.81s       |     0 hits
7.83 Trillion        | 412 M/sec            |  4.84s       |     0 hits
7.83 Trillion        | 416 M/sec            |  4.80s       |     0 hits
7.83 Trillion        | 406 M/sec            |  4.92s       |     0 hits
7.83 Trillion        | 418 M/sec            |  4.78s       |     0 hits
7.84 Trillion        | 418 M/sec            |  4.78s       |     0 hits
7.84 Trillion        | 419 M/sec            |  4.76s       |     0 hits
7.84 Trillion        | 415 M/sec            |  4.81s       |     0 hits
7.84 Trillion        | 421 M/sec            |  4.74s       |     0 hits
7.84 Trillion        | 416 M/sec            |  4.79s       |     0 hits
7.85 Trillion        | 414 M/sec            |  4.83s       |     0 hits
7.85 Trillion        | 420 M/sec            |  4.75s       |     0 hits
7.85 Trillion        | 410 M/sec            |  4.86s       |     0 hits
7.85 Trillion        | 411 M/sec            |  4.86s       |     0 hits
7.85 Trillion        | 407 M/sec            |  4.91s       |     0 hits
7.86 Trillion        | 410 M/sec            |  4.86s       |     0 hits
7.86 Trillion        | 406 M/sec            |  4.92s       |     0 hits
7.86 Trillion        | 417 M/sec            |  4.78s       |     0 hits
7.86 Trillion        | 396 M/sec            |  5.04s       |     0 hits
7.86 Trillion        | 408 M/sec            |  4.89s       |     0 hits
7.87 Trillion        | 416 M/sec            |  4.79s       |     0 hits
7.87 Trillion        | 409 M/sec            |  4.88s       |     0 hits
7.87 Trillion        | 416 M/sec            |  4.80s       |     0 hits
7.87 Trillion        | 416 M/sec            |  4.80s       |     0 hits
7.87 Trillion        | 416 M/sec            |  4.79s       |     0 hits
7.88 Trillion        | 418 M/sec            |  4.78s       |     0 hits
7.88 Trillion        | 413 M/sec            |  4.83s       |     0 hits
7.88 Trillion        | 416 M/sec            |  4.80s       |     0 hits
7.88 Trillion        | 420 M/sec            |  4.75s       |     0 hits
7.88 Trillion        | 420 M/sec            |  4.75s       |     0 hits
7.89 Trillion        | 421 M/sec            |  4.74s       |     0 hits
7.89 Trillion        | 420 M/sec            |  4.75s       |     0 hits
7.89 Trillion        | 420 M/sec            |  4.75s       |     0 hits
7.89 Trillion        | 421 M/sec            |  4.74s       |     0 hits
7.89 Trillion        | 419 M/sec            |  4.76s       |     0 hits
7.90 Trillion        | 420 M/sec            |  4.76s       |     0 hits
7.90 Trillion        | 419 M/sec            |  4.76s       |     0 hits
7.90 Trillion        | 421 M/sec            |  4.74s       |     0 hits
7.90 Trillion        | 419 M/sec            |  4.76s       |     0 hits
7.90 Trillion        | 420 M/sec            |  4.75s       |     0 hits
7.91 Trillion        | 421 M/sec            |  4.75s       |     0 hits
7.91 Trillion        | 421 M/sec            |  4.74s       |     0 hits
7.91 Trillion        | 418 M/sec            |  4.77s       |     0 hits
7.91 Trillion        | 419 M/sec            |  4.77s       |     0 hits
7.91 Trillion        | 420 M/sec            |  4.75s       |     0 hits
7.92 Trillion        | 422 M/sec            |  4.73s       |     0 hits
7.92 Trillion        | 421 M/sec            |  4.75s       |     0 hits
7.92 Trillion        | 418 M/sec            |  4.77s       |     0 hits
7.92 Trillion        | 418 M/sec            |  4.77s       |     0 hits
7.92 Trillion        | 416 M/sec            |  4.80s       |     0 hits
7.93 Trillion        | 414 M/sec            |  4.82s       |     0 hits
7.93 Trillion        | 414 M/sec            |  4.82s       |     0 hits
7.93 Trillion        | 413 M/sec            |  4.84s       |     0 hits
7.93 Trillion        | 415 M/sec            |  4.81s       |     0 hits
7.93 Trillion        | 400 M/sec            |  4.99s       |     0 hits
7.94 Trillion        | 421 M/sec            |  4.75s       |     0 hits
7.94 Trillion        | 415 M/sec            |  4.81s       |     0 hits
7.94 Trillion        | 420 M/sec            |  4.75s       |     0 hits
7.94 Trillion        | 414 M/sec            |  4.82s       |     0 hits
7.94 Trillion        | 419 M/sec            |  4.76s       |     0 hits
7.95 Trillion        | 419 M/sec            |  4.77s       |     0 hits
7.95 Trillion        | 419 M/sec            |  4.77s       |     0 hits
7.95 Trillion        | 419 M/sec            |  4.77s       |     0 hits
7.95 Trillion        | 422 M/sec            |  4.73s       |     0 hits
7.95 Trillion        | 423 M/sec            |  4.72s       |     0 hits
7.96 Trillion        | 423 M/sec            |  4.71s       |     0 hits
7.96 Trillion        | 423 M/sec            |  4.72s       |     0 hits
7.96 Trillion        | 423 M/sec            |  4.71s       |     0 hits
7.96 Trillion        | 422 M/sec            |  4.73s       |     0 hits
7.96 Trillion        | 422 M/sec            |  4.72s       |     0 hits
7.97 Trillion        | 424 M/sec            |  4.71s       |     0 hits
7.97 Trillion        | 423 M/sec            |  4.72s       |     0 hits
7.97 Trillion        | 423 M/sec            |  4.72s       |     0 hits
7.97 Trillion        | 423 M/sec            |  4.72s       |     0 hits
7.97 Trillion        | 424 M/sec            |  4.71s       |     0 hits
7.98 Trillion        | 423 M/sec            |  4.72s       |     0 hits
7.98 Trillion        | 424 M/sec            |  4.71s       |     0 hits
7.98 Trillion        | 423 M/sec            |  4.71s       |     0 hits
7.98 Trillion        | 423 M/sec            |  4.72s       |     0 hits
7.98 Trillion        | 423 M/sec            |  4.71s       |     0 hits
7.99 Trillion        | 423 M/sec            |  4.72s       |     0 hits
7.99 Trillion        | 423 M/sec            |  4.71s       |     0 hits
7.99 Trillion        | 423 M/sec            |  4.71s       |     0 hits
7.99 Trillion        | 422 M/sec            |  4.73s       |     0 hits
7.99 Trillion        | 423 M/sec            |  4.72s       |     0 hits
8.00 Trillion        | 422 M/sec            |  4.73s       |     0 hits
8.00 Trillion        | 422 M/sec            |  4.73s       |     0 hits
8.00 Trillion        | 423 M/sec            |  4.72s       |     0 hits
8.00 Trillion        | 423 M/sec            |  4.72s       |     0 hits
8.00 Trillion        | 423 M/sec            |  4.72s       |     0 hits
8.01 Trillion        | 423 M/sec            |  4.72s       |     0 hits
8.01 Trillion        | 423 M/sec            |  4.72s       |     0 hits
8.01 Trillion        | 423 M/sec            |  4.72s       |     0 hits
8.01 Trillion        | 421 M/sec            |  4.74s       |     0 hits
8.01 Trillion        | 423 M/sec            |  4.72s       |     0 hits
8.02 Trillion        | 424 M/sec            |  4.71s       |     0 hits
8.02 Trillion        | 423 M/sec            |  4.72s       |     0 hits
8.02 Trillion        | 423 M/sec            |  4.72s       |     0 hits
8.02 Trillion        | 424 M/sec            |  4.71s       |     0 hits
8.02 Trillion        | 423 M/sec            |  4.71s       |     0 hits
8.03 Trillion        | 423 M/sec            |  4.72s       |     0 hits
8.03 Trillion        | 423 M/sec            |  4.72s       |     0 hits
8.03 Trillion        | 424 M/sec            |  4.71s       |     0 hits
8.03 Trillion        | 423 M/sec            |  4.72s       |     0 hits
8.03 Trillion        | 422 M/sec            |  4.73s       |     0 hits
8.04 Trillion        | 423 M/sec            |  4.71s       |     0 hits
8.04 Trillion        | 423 M/sec            |  4.72s       |     0 hits
8.04 Trillion        | 423 M/sec            |  4.72s       |     0 hits
8.04 Trillion        | 423 M/sec            |  4.72s       |     0 hits
8.04 Trillion        | 423 M/sec            |  4.72s       |     0 hits
8.05 Trillion        | 422 M/sec            |  4.73s       |     0 hits
8.05 Trillion        | 423 M/sec            |  4.72s       |     0 hits
8.05 Trillion        | 422 M/sec            |  4.73s       |     0 hits
8.05 Trillion        | 423 M/sec            |  4.72s       |     0 hits
8.05 Trillion        | 423 M/sec            |  4.72s       |     0 hits
8.06 Trillion        | 423 M/sec            |  4.72s       |     0 hits
8.06 Trillion        | 418 M/sec            |  4.77s       |     0 hits
8.06 Trillion        | 423 M/sec            |  4.72s       |     0 hits
8.06 Trillion        | 424 M/sec            |  4.71s       |     0 hits
8.06 Trillion        | 422 M/sec            |  4.72s       |     0 hits
8.07 Trillion        | 423 M/sec            |  4.72s       |     0 hits
8.07 Trillion        | 423 M/sec            |  4.72s       |     0 hits
8.07 Trillion        | 423 M/sec            |  4.72s       |     0 hits
8.07 Trillion        | 423 M/sec            |  4.72s       |     0 hits
8.07 Trillion        | 423 M/sec            |  4.72s       |     0 hits
8.08 Trillion        | 423 M/sec            |  4.71s       |     0 hits
8.08 Trillion        | 423 M/sec            |  4.72s       |     0 hits
8.08 Trillion        | 423 M/sec            |  4.72s       |     0 hits
8.08 Trillion        | 423 M/sec            |  4.72s       |     0 hits
8.08 Trillion        | 422 M/sec            |  4.73s       |     0 hits
8.09 Trillion        | 424 M/sec            |  4.71s       |     0 hits
8.09 Trillion        | 424 M/sec            |  4.71s       |     0 hits
8.09 Trillion        | 423 M/sec            |  4.72s       |     0 hits
8.09 Trillion        | 423 M/sec            |  4.72s       |     0 hits
8.09 Trillion        | 423 M/sec            |  4.72s       |     0 hits
8.10 Trillion        | 423 M/sec            |  4.71s       |     0 hits
8.10 Trillion        | 421 M/sec            |  4.75s       |     0 hits
8.10 Trillion        | 424 M/sec            |  4.71s       |     0 hits
8.10 Trillion        | 423 M/sec            |  4.72s       |     0 hits
8.10 Trillion        | 423 M/sec            |  4.71s       |     0 hits
8.11 Trillion        | 423 M/sec            |  4.72s       |     0 hits
8.11 Trillion        | 423 M/sec            |  4.72s       |     0 hits
8.11 Trillion        | 422 M/sec            |  4.73s       |     0 hits
8.11 Trillion        | 412 M/sec            |  4.84s       |     0 hits
8.11 Trillion        | 409 M/sec            |  4.88s       |     0 hits
8.12 Trillion        | 412 M/sec            |  4.85s       |     0 hits
8.12 Trillion        | 412 M/sec            |  4.84s       |     0 hits
8.12 Trillion        | 409 M/sec            |  4.88s       |     0 hits
8.12 Trillion        | 407 M/sec            |  4.91s       |     0 hits
8.12 Trillion        | 411 M/sec            |  4.86s       |     0 hits
8.13 Trillion        | 412 M/sec            |  4.85s       |     0 hits
8.13 Trillion        | 412 M/sec            |  4.85s       |     0 hits
8.13 Trillion        | 413 M/sec            |  4.84s       |     0 hits
8.13 Trillion        | 413 M/sec            |  4.83s       |     0 hits
8.13 Trillion        | 412 M/sec            |  4.85s       |     0 hits
8.14 Trillion        | 412 M/sec            |  4.85s       |     0 hits
8.14 Trillion        | 413 M/sec            |  4.83s       |     0 hits
8.14 Trillion        | 412 M/sec            |  4.84s       |     0 hits
8.14 Trillion        | 413 M/sec            |  4.83s       |     0 hits
8.14 Trillion        | 412 M/sec            |  4.85s       |     0 hits
8.15 Trillion        | 413 M/sec            |  4.84s       |     0 hits
8.15 Trillion        | 413 M/sec            |  4.84s       |     0 hits
8.15 Trillion        | 411 M/sec            |  4.86s       |     0 hits
8.15 Trillion        | 412 M/sec            |  4.85s       |     0 hits
8.15 Trillion        | 411 M/sec            |  4.86s       |     0 hits
8.16 Trillion        | 411 M/sec            |  4.85s       |     0 hits
8.16 Trillion        | 412 M/sec            |  4.85s       |     0 hits
8.16 Trillion        | 412 M/sec            |  4.85s       |     0 hits
8.16 Trillion        | 413 M/sec            |  4.84s       |     0 hits
8.16 Trillion        | 412 M/sec            |  4.84s       |     0 hits
8.17 Trillion        | 411 M/sec            |  4.86s       |     0 hits
8.17 Trillion        | 411 M/sec            |  4.86s       |     0 hits
8.17 Trillion        | 412 M/sec            |  4.85s       |     0 hits
8.17 Trillion        | 413 M/sec            |  4.84s       |     0 hits
8.17 Trillion        | 412 M/sec            |  4.84s       |     0 hits
8.18 Trillion        | 413 M/sec            |  4.84s       |     0 hits
8.18 Trillion        | 412 M/sec            |  4.85s       |     0 hits
8.18 Trillion        | 413 M/sec            |  4.83s       |     0 hits
8.18 Trillion        | 419 M/sec            |  4.77s       |     0 hits
8.18 Trillion        | 415 M/sec            |  4.80s       |     0 hits
8.19 Trillion        | 416 M/sec            |  4.80s       |     0 hits
8.19 Trillion        | 413 M/sec            |  4.83s       |     0 hits
8.19 Trillion        | 413 M/sec            |  4.83s       |     0 hits
8.19 Trillion        | 413 M/sec            |  4.83s       |     0 hits
8.19 Trillion        | 413 M/sec            |  4.84s       |     0 hits
8.20 Trillion        | 411 M/sec            |  4.85s       |     0 hits
8.20 Trillion        | 412 M/sec            |  4.85s       |     0 hits
8.20 Trillion        | 412 M/sec            |  4.84s       |     0 hits
8.20 Trillion        | 412 M/sec            |  4.84s       |     0 hits
8.20 Trillion        | 413 M/sec            |  4.83s       |     0 hits
8.21 Trillion        | 412 M/sec            |  4.84s       |     0 hits
8.21 Trillion        | 412 M/sec            |  4.85s       |     0 hits
8.21 Trillion        | 412 M/sec            |  4.85s       |     0 hits
8.21 Trillion        | 413 M/sec            |  4.83s       |     0 hits
8.21 Trillion        | 413 M/sec            |  4.83s       |     0 hits

Sweep Complete!